app_id,day,model,feature,contribution
com.labpixies.flood,0,M1,stickiness,27.9898
com.labpixies.flood,0,M1,dau,-5.5562
com.labpixies.flood,0,M1,crash_rate,-0.1778
com.labpixies.flood,0,M1,mau,-5.8091
com.labpixies.flood,1,M1,stickiness,8.7828
com.labpixies.flood,1,M1,dau,-4.8014
com.labpixies.flood,1,M1,crash_rate,1.5096
com.labpixies.flood,1,M1,mau,-5.3265
com.labpixies.flood,2,M1,stickiness,3.7202
com.labpixies.flood,2,M1,dau,-4.948
com.labpixies.flood,2,M1,crash_rate,29.462
com.labpixies.flood,2,M1,mau,-4.9575
com.labpixies.flood,3,M1,stickiness,1.9244
com.labpixies.flood,3,M1,dau,-4.7289
com.labpixies.flood,3,M1,crash_rate,-0.033
com.labpixies.flood,3,M1,mau,-4.6016
com.labpixies.flood,4,M1,stickiness,0.4042
com.labpixies.flood,4,M1,dau,-7.4108
com.labpixies.flood,4,M1,crash_rate,-0.0287
com.labpixies.flood,4,M1,mau,-4.4056
com.labpixies.flood,5,M1,stickiness,0.4022
com.labpixies.flood,5,M1,dau,-6.0356
com.labpixies.flood,5,M1,crash_rate,-0.01
com.labpixies.flood,5,M1,mau,-4.1329
com.labpixies.flood,6,M1,stickiness,4.6017
com.labpixies.flood,6,M1,dau,3.8981
com.labpixies.flood,6,M1,crash_rate,2.0408
com.labpixies.flood,6,M1,mau,-2.8853
com.labpixies.flood,7,M1,stickiness,2.0606
com.labpixies.flood,7,M1,dau,3.2106
com.labpixies.flood,7,M1,crash_rate,3.6022
com.labpixies.flood,7,M1,mau,-2.2092
com.labpixies.flood,8,M1,stickiness,0.2247
com.labpixies.flood,8,M1,dau,-0.0225
com.labpixies.flood,8,M1,crash_rate,0.028
com.labpixies.flood,8,M1,mau,-1.8224
com.labpixies.flood,9,M1,stickiness,0.1351
com.labpixies.flood,9,M1,dau,-0.0011
com.labpixies.flood,9,M1,crash_rate,-0.0102
com.labpixies.flood,9,M1,mau,-1.505
com.labpixies.flood,10,M1,stickiness,0.1085
com.labpixies.flood,10,M1,dau,0.0463
com.labpixies.flood,10,M1,crash_rate,-0.3748
com.labpixies.flood,10,M1,mau,-1.2448
com.labpixies.flood,11,M1,stickiness,0.0708
com.labpixies.flood,11,M1,dau,0.1717
com.labpixies.flood,11,M1,crash_rate,-0.3501
com.labpixies.flood,11,M1,mau,-0.9698
com.labpixies.flood,12,M1,stickiness,0.0
com.labpixies.flood,12,M1,dau,-0.0896
com.labpixies.flood,12,M1,crash_rate,-0.2302
com.labpixies.flood,12,M1,mau,-0.7847
com.labpixies.flood,13,M1,stickiness,0.0892
com.labpixies.flood,13,M1,dau,1.7612
com.labpixies.flood,13,M1,crash_rate,-1.2185
com.labpixies.flood,13,M1,mau,-0.5502
com.labpixies.flood,14,M1,stickiness,0.0288
com.labpixies.flood,14,M1,dau,1.31
com.labpixies.flood,14,M1,crash_rate,-1.1822
com.labpixies.flood,14,M1,mau,-0.3785
com.labpixies.flood,15,M1,stickiness,-0.0127
com.labpixies.flood,15,M1,dau,0.0011
com.labpixies.flood,15,M1,crash_rate,-0.5352
com.labpixies.flood,15,M1,mau,-0.2838
com.labpixies.flood,16,M1,stickiness,0.0116
com.labpixies.flood,16,M1,dau,2.0831
com.labpixies.flood,16,M1,crash_rate,-1.0296
com.labpixies.flood,16,M1,mau,-0.1651
com.labpixies.flood,17,M1,stickiness,-0.0063
com.labpixies.flood,17,M1,dau,0.582
com.labpixies.flood,17,M1,crash_rate,-0.1828
com.labpixies.flood,17,M1,mau,-0.0846
com.labpixies.flood,18,M1,stickiness,-0.0108
com.labpixies.flood,18,M1,dau,0.7727
com.labpixies.flood,18,M1,crash_rate,-1.0269
com.labpixies.flood,18,M1,mau,-0.0335
com.labpixies.flood,19,M1,stickiness,-0.0068
com.labpixies.flood,19,M1,dau,1.7175
com.labpixies.flood,19,M1,crash_rate,-1.1035
com.labpixies.flood,19,M1,mau,-0.0026
com.labpixies.flood,20,M1,stickiness,-0.097
com.labpixies.flood,20,M1,dau,0.0098
com.labpixies.flood,20,M1,crash_rate,0.0039
com.labpixies.flood,20,M1,mau,0.0011
com.labpixies.flood,21,M1,stickiness,-0.1017
com.labpixies.flood,21,M1,dau,0.0463
com.labpixies.flood,21,M1,crash_rate,-0.0017
com.labpixies.flood,21,M1,mau,0.0151
com.labpixies.flood,22,M1,stickiness,-0.1518
com.labpixies.flood,22,M1,dau,-0.0136
com.labpixies.flood,22,M1,crash_rate,-0.229
com.labpixies.flood,22,M1,mau,0.0382
com.labpixies.flood,23,M1,stickiness,-0.1526
com.labpixies.flood,23,M1,dau,-0.0
com.labpixies.flood,23,M1,crash_rate,-0.008
com.labpixies.flood,23,M1,mau,0.0736
com.labpixies.flood,24,M1,stickiness,-0.1869
com.labpixies.flood,24,M1,dau,-0.0277
com.labpixies.flood,24,M1,crash_rate,-0.055
com.labpixies.flood,24,M1,mau,0.1197
com.labpixies.flood,25,M1,stickiness,-0.189
com.labpixies.flood,25,M1,dau,-0.0045
com.labpixies.flood,25,M1,crash_rate,3.3772
com.labpixies.flood,25,M1,mau,0.1789
com.labpixies.flood,26,M1,stickiness,-0.3322
com.labpixies.flood,26,M1,dau,-0.9926
com.labpixies.flood,26,M1,crash_rate,0.0005
com.labpixies.flood,26,M1,mau,0.2338
com.labpixies.flood,27,M1,stickiness,-0.1954
com.labpixies.flood,27,M1,dau,0.0068
com.labpixies.flood,27,M1,crash_rate,-0.3298
com.labpixies.flood,27,M1,mau,0.3105
com.labpixies.flood,28,M1,stickiness,-0.1697
com.labpixies.flood,28,M1,dau,0.1857
com.labpixies.flood,28,M1,crash_rate,-0.171
com.labpixies.flood,28,M1,mau,0.4064
com.labpixies.flood,29,M1,stickiness,-0.2052
com.labpixies.flood,29,M1,dau,0.0537
com.labpixies.flood,29,M1,crash_rate,-0.4699
com.labpixies.flood,29,M1,mau,0.5089
com.labpixies.flood,30,M1,stickiness,-0.1667
com.labpixies.flood,30,M1,dau,0.397
com.labpixies.flood,30,M1,crash_rate,-0.0178
com.labpixies.flood,30,M1,mau,0.557
com.labpixies.flood,31,M1,stickiness,-0.2009
com.labpixies.flood,31,M1,dau,0.1329
com.labpixies.flood,31,M1,crash_rate,-0.0577
com.labpixies.flood,31,M1,mau,0.6057
com.labpixies.flood,32,M1,stickiness,-0.2497
com.labpixies.flood,32,M1,dau,-0.0
com.labpixies.flood,32,M1,crash_rate,2.1378
com.labpixies.flood,32,M1,mau,0.6546
com.labpixies.flood,33,M1,stickiness,-0.3465
com.labpixies.flood,33,M1,dau,-0.4866
com.labpixies.flood,33,M1,crash_rate,-0.263
com.labpixies.flood,33,M1,mau,0.6725
com.labpixies.flood,34,M1,stickiness,-0.2617
com.labpixies.flood,34,M1,dau,-0.0003
com.labpixies.flood,34,M1,crash_rate,-0.1061
com.labpixies.flood,34,M1,mau,0.7523
com.labpixies.flood,35,M1,stickiness,-0.3731
com.labpixies.flood,35,M1,dau,-0.6622
com.labpixies.flood,35,M1,crash_rate,0.6199
com.labpixies.flood,35,M1,mau,0.7676
com.labpixies.flood,36,M1,stickiness,-0.3036
com.labpixies.flood,36,M1,dau,-0.1591
com.labpixies.flood,36,M1,crash_rate,0.0063
com.labpixies.flood,36,M1,mau,0.6689
com.labpixies.flood,37,M1,stickiness,-0.4004
com.labpixies.flood,37,M1,dau,-1.3126
com.labpixies.flood,37,M1,crash_rate,-0.0842
com.labpixies.flood,37,M1,mau,0.5327
com.labpixies.flood,38,M1,stickiness,-0.2407
com.labpixies.flood,38,M1,dau,-0.0
com.labpixies.flood,38,M1,crash_rate,0.239
com.labpixies.flood,38,M1,mau,0.5719
com.labpixies.flood,39,M1,stickiness,-0.2256
com.labpixies.flood,39,M1,dau,0.0134
com.labpixies.flood,39,M1,crash_rate,0.2966
com.labpixies.flood,39,M1,mau,0.5653
com.labpixies.flood,40,M1,stickiness,-0.2957
com.labpixies.flood,40,M1,dau,-0.1867
com.labpixies.flood,40,M1,crash_rate,0.1127
com.labpixies.flood,40,M1,mau,0.5554
com.labpixies.flood,41,M1,stickiness,-0.2158
com.labpixies.flood,41,M1,dau,0.0331
com.labpixies.flood,41,M1,crash_rate,0.1226
com.labpixies.flood,41,M1,mau,0.5489
com.labpixies.flood,42,M1,stickiness,-0.2355
com.labpixies.flood,42,M1,dau,-0.0
com.labpixies.flood,42,M1,crash_rate,1.5481
com.labpixies.flood,42,M1,mau,0.5279
com.labpixies.flood,43,M1,stickiness,-0.256
com.labpixies.flood,43,M1,dau,-0.0468
com.labpixies.flood,43,M1,crash_rate,0.293
com.labpixies.flood,43,M1,mau,0.4704
com.labpixies.flood,44,M1,stickiness,-0.2145
com.labpixies.flood,44,M1,dau,0.0098
com.labpixies.flood,44,M1,crash_rate,-0.3012
com.labpixies.flood,44,M1,mau,0.4569
com.labpixies.flood,45,M1,stickiness,-0.1734
com.labpixies.flood,45,M1,dau,0.2154
com.labpixies.flood,45,M1,crash_rate,-0.1998
com.labpixies.flood,45,M1,mau,0.4629
com.labpixies.flood,46,M1,stickiness,-0.2018
com.labpixies.flood,46,M1,dau,0.0221
com.labpixies.flood,46,M1,crash_rate,-0.1488
com.labpixies.flood,46,M1,mau,0.4064
com.labpixies.flood,47,M1,stickiness,-0.2054
com.labpixies.flood,47,M1,dau,0.0068
com.labpixies.flood,47,M1,crash_rate,-0.418
com.labpixies.flood,47,M1,mau,0.3761
com.labpixies.flood,48,M1,stickiness,-0.1257
com.labpixies.flood,48,M1,dau,0.6075
com.labpixies.flood,48,M1,crash_rate,-0.3012
com.labpixies.flood,48,M1,mau,0.3444
com.labpixies.flood,49,M1,stickiness,-0.1363
com.labpixies.flood,49,M1,dau,0.3368
com.labpixies.flood,49,M1,crash_rate,-0.0089
com.labpixies.flood,49,M1,mau,0.2841
com.labpixies.flood,50,M1,stickiness,-0.1695
com.labpixies.flood,50,M1,dau,0.0702
com.labpixies.flood,50,M1,crash_rate,-0.114
com.labpixies.flood,50,M1,mau,0.2817
com.labpixies.flood,51,M1,stickiness,-0.1383
com.labpixies.flood,51,M1,dau,0.3368
com.labpixies.flood,51,M1,crash_rate,-0.3224
com.labpixies.flood,51,M1,mau,0.2971
com.labpixies.flood,52,M1,stickiness,-0.1122
com.labpixies.flood,52,M1,dau,0.8321
com.labpixies.flood,52,M1,crash_rate,-0.3764
com.labpixies.flood,52,M1,mau,0.3354
com.labpixies.flood,53,M1,stickiness,-0.1325
com.labpixies.flood,53,M1,dau,0.582
com.labpixies.flood,53,M1,crash_rate,-0.1354
com.labpixies.flood,53,M1,mau,0.3829
com.labpixies.flood,54,M1,stickiness,-0.1375
com.labpixies.flood,54,M1,dau,0.6075
com.labpixies.flood,54,M1,crash_rate,0.2864
com.labpixies.flood,54,M1,mau,0.4349
com.labpixies.flood,55,M1,stickiness,-0.1928
com.labpixies.flood,55,M1,dau,0.0702
com.labpixies.flood,55,M1,crash_rate,-0.4901
com.labpixies.flood,55,M1,mau,0.4407
com.labpixies.flood,56,M1,stickiness,-0.1721
com.labpixies.flood,56,M1,dau,0.2311
com.labpixies.flood,56,M1,crash_rate,-0.269
com.labpixies.flood,56,M1,mau,0.4674
com.labpixies.flood,57,M1,stickiness,-0.1747
com.labpixies.flood,57,M1,dau,0.2641
com.labpixies.flood,57,M1,crash_rate,-0.0855
com.labpixies.flood,57,M1,mau,0.5183
com.labpixies.flood,58,M1,stickiness,-0.2069
com.labpixies.flood,58,M1,dau,0.0537
com.labpixies.flood,58,M1,crash_rate,0.8206
com.labpixies.flood,58,M1,mau,0.5231
com.labpixies.flood,59,M1,stickiness,-0.3594
com.labpixies.flood,59,M1,dau,-0.8342
com.labpixies.flood,59,M1,crash_rate,-0.0299
com.labpixies.flood,59,M1,mau,0.498
com.labpixies.flood,60,M1,stickiness,-0.2273
com.labpixies.flood,60,M1,dau,0.0003
com.labpixies.flood,60,M1,crash_rate,-0.0887
com.labpixies.flood,60,M1,mau,0.478
com.labpixies.flood,61,M1,stickiness,-0.2134
com.labpixies.flood,61,M1,dau,0.0175
com.labpixies.flood,61,M1,crash_rate,0.0194
com.labpixies.flood,61,M1,mau,0.4795
com.labpixies.flood,62,M1,stickiness,-0.1641
com.labpixies.flood,62,M1,dau,0.2993
com.labpixies.flood,62,M1,crash_rate,-0.1662
com.labpixies.flood,62,M1,mau,0.4599
com.labpixies.flood,63,M1,stickiness,-0.224
com.labpixies.flood,63,M1,dau,0.0024
com.labpixies.flood,63,M1,crash_rate,-0.7555
com.labpixies.flood,63,M1,mau,0.4841
com.labpixies.flood,64,M1,stickiness,-0.2509
com.labpixies.flood,64,M1,dau,-0.0335
com.labpixies.flood,64,M1,crash_rate,0.2421
com.labpixies.flood,64,M1,mau,0.4644
com.labpixies.flood,65,M1,stickiness,-0.2217
com.labpixies.flood,65,M1,dau,0.0024
com.labpixies.flood,65,M1,crash_rate,0.1678
com.labpixies.flood,65,M1,mau,0.4659
com.labpixies.flood,66,M1,stickiness,-0.1952
com.labpixies.flood,66,M1,dau,0.0889
com.labpixies.flood,66,M1,crash_rate,-0.3146
com.labpixies.flood,66,M1,mau,0.4902
com.labpixies.flood,67,M1,stickiness,-0.2382
com.labpixies.flood,67,M1,dau,-0.0003
com.labpixies.flood,67,M1,crash_rate,-0.0409
com.labpixies.flood,67,M1,mau,0.5327
com.labpixies.flood,68,M1,stickiness,-0.2801
com.labpixies.flood,68,M1,dau,-0.1105
com.labpixies.flood,68,M1,crash_rate,-0.1998
com.labpixies.flood,68,M1,mau,0.5391
com.labpixies.flood,69,M1,stickiness,-0.1865
com.labpixies.flood,69,M1,dau,0.1857
com.labpixies.flood,69,M1,crash_rate,-0.0154
com.labpixies.flood,69,M1,mau,0.5424
com.labpixies.flood,70,M1,stickiness,-0.1859
com.labpixies.flood,70,M1,dau,0.2003
com.labpixies.flood,70,M1,crash_rate,-0.2843
com.labpixies.flood,70,M1,mau,0.5538
com.labpixies.flood,71,M1,stickiness,-0.2492
com.labpixies.flood,71,M1,dau,-0.007
com.labpixies.flood,71,M1,crash_rate,0.1113
com.labpixies.flood,71,M1,mau,0.5554
com.labpixies.flood,72,M1,stickiness,-0.2776
com.labpixies.flood,72,M1,dau,-0.0998
com.labpixies.flood,72,M1,crash_rate,-0.3399
com.labpixies.flood,72,M1,mau,0.5375
com.labpixies.flood,73,M1,stickiness,-0.2991
com.labpixies.flood,73,M1,dau,-0.2322
com.labpixies.flood,73,M1,crash_rate,-0.0436
com.labpixies.flood,73,M1,mau,0.5263
com.labpixies.flood,74,M1,stickiness,-0.2109
com.labpixies.flood,74,M1,dau,0.0463
com.labpixies.flood,74,M1,crash_rate,-0.3281
com.labpixies.flood,74,M1,mau,0.5408
com.labpixies.flood,75,M1,stickiness,-0.2883
com.labpixies.flood,75,M1,dau,-0.1867
com.labpixies.flood,75,M1,crash_rate,11.3187
com.labpixies.flood,75,M1,mau,0.4949
com.labpixies.flood,76,M1,stickiness,-0.2546
com.labpixies.flood,76,M1,dau,-0.0399
com.labpixies.flood,76,M1,crash_rate,-0.5164
com.labpixies.flood,76,M1,mau,0.4765
com.labpixies.flood,77,M1,stickiness,-0.3023
com.labpixies.flood,77,M1,dau,-0.3005
com.labpixies.flood,77,M1,crash_rate,0.2791
com.labpixies.flood,77,M1,mau,0.4765
com.labpixies.flood,78,M1,stickiness,-0.208
com.labpixies.flood,78,M1,dau,0.0175
com.labpixies.flood,78,M1,crash_rate,0.0327
com.labpixies.flood,78,M1,mau,0.4378
com.labpixies.flood,79,M1,stickiness,-0.2516
com.labpixies.flood,79,M1,dau,-0.0622
com.labpixies.flood,79,M1,crash_rate,-0.0046
com.labpixies.flood,79,M1,mau,0.405
com.labpixies.flood,80,M1,stickiness,-0.2112
com.labpixies.flood,80,M1,dau,0.0098
com.labpixies.flood,80,M1,crash_rate,0.4486
com.labpixies.flood,80,M1,mau,0.432
com.labpixies.flood,81,M1,stickiness,-0.1957
com.labpixies.flood,81,M1,dau,0.0702
com.labpixies.flood,81,M1,crash_rate,-0.3947
com.labpixies.flood,81,M1,mau,0.4629
com.labpixies.flood,82,M1,stickiness,-0.7794
com.labpixies.flood,82,M1,dau,-9.8419
com.labpixies.flood,82,M1,crash_rate,2.2405
com.labpixies.flood,82,M1,mau,0.4036
com.labpixies.flood,83,M1,stickiness,-0.1915
com.labpixies.flood,83,M1,dau,0.0394
com.labpixies.flood,83,M1,crash_rate,-0.1039
com.labpixies.flood,83,M1,mau,0.3748
com.labpixies.flood,84,M1,stickiness,-0.6614
com.labpixies.flood,84,M1,dau,-6.9659
com.labpixies.flood,84,M1,crash_rate,-0.6869
com.labpixies.flood,84,M1,mau,0.347
com.labpixies.flood,85,M1,stickiness,-0.4654
com.labpixies.flood,85,M1,dau,-2.7561
com.labpixies.flood,85,M1,crash_rate,0.0
com.labpixies.flood,85,M1,mau,0.3483
com.labpixies.flood,86,M1,stickiness,-0.7141
com.labpixies.flood,86,M1,dau,-8.3419
com.labpixies.flood,86,M1,crash_rate,-0.2515
com.labpixies.flood,86,M1,mau,0.3216
com.labpixies.flood,87,M1,stickiness,-0.7424
com.labpixies.flood,87,M1,dau,-9.227
com.labpixies.flood,87,M1,crash_rate,2.8031
com.labpixies.flood,87,M1,mau,0.2645
com.labpixies.flood,88,M1,stickiness,-0.3994
com.labpixies.flood,88,M1,dau,-1.8535
com.labpixies.flood,88,M1,crash_rate,19.9643
com.labpixies.flood,88,M1,mau,0.2679
com.labpixies.flood,89,M1,stickiness,-0.2316
com.labpixies.flood,89,M1,dau,-0.0542
com.labpixies.flood,89,M1,crash_rate,-0.1935
com.labpixies.flood,89,M1,mau,0.29
com.labpixies.flood,90,M1,stickiness,-0.4346
com.labpixies.flood,90,M1,dau,-2.3838
com.labpixies.flood,90,M1,crash_rate,-0.2485
com.labpixies.flood,90,M1,mau,0.2852
com.labpixies.flood,91,M1,stickiness,-0.5237
com.labpixies.flood,91,M1,dau,-4.1691
com.labpixies.flood,91,M1,crash_rate,19.7843
com.labpixies.flood,91,M1,mau,0.2533
com.labpixies.flood,92,M1,stickiness,-0.1295
com.labpixies.flood,92,M1,dau,0.4182
com.labpixies.flood,92,M1,crash_rate,-0.0203
com.labpixies.flood,92,M1,mau,0.2829
com.labpixies.flood,93,M1,stickiness,-0.4586
com.labpixies.flood,93,M1,dau,-2.8674
com.labpixies.flood,93,M1,crash_rate,0.1898
com.labpixies.flood,93,M1,mau,0.2656
com.labpixies.flood,94,M1,stickiness,-0.2428
com.labpixies.flood,94,M1,dau,-0.1105
com.labpixies.flood,94,M1,crash_rate,-0.2662
com.labpixies.flood,94,M1,mau,0.2782
com.labpixies.flood,95,M1,stickiness,-0.6507
com.labpixies.flood,95,M1,dau,-6.9659
com.labpixies.flood,95,M1,crash_rate,-0.5585
com.labpixies.flood,95,M1,mau,0.2611
com.labpixies.flood,96,M1,stickiness,-0.7812
com.labpixies.flood,96,M1,dau,-10.3694
com.labpixies.flood,96,M1,crash_rate,3.3496
com.labpixies.flood,96,M1,mau,0.2191
com.labpixies.flood,97,M1,stickiness,-0.4234
com.labpixies.flood,97,M1,dau,-2.4874
com.labpixies.flood,97,M1,crash_rate,-0.0245
com.labpixies.flood,97,M1,mau,0.1922
com.labpixies.flood,98,M1,stickiness,-0.7682
com.labpixies.flood,98,M1,dau,-10.2628
com.labpixies.flood,98,M1,crash_rate,-0.5172
com.labpixies.flood,98,M1,mau,0.1521
com.labpixies.flood,99,M1,stickiness,-0.7581
com.labpixies.flood,99,M1,dau,-10.1567
com.labpixies.flood,99,M1,crash_rate,-0.1763
com.labpixies.flood,99,M1,mau,0.1159
com.labpixies.flood,100,M1,stickiness,-0.8227
com.labpixies.flood,100,M1,dau,-12.0346
com.labpixies.flood,100,M1,crash_rate,-0.2659
com.labpixies.flood,100,M1,mau,0.0671
com.labpixies.flood,101,M1,stickiness,-0.8005
com.labpixies.flood,101,M1,dau,-11.6916
com.labpixies.flood,101,M1,crash_rate,-0.7539
com.labpixies.flood,101,M1,mau,0.0332
com.labpixies.flood,102,M1,stickiness,-0.3933
com.labpixies.flood,102,M1,dau,-2.8114
com.labpixies.flood,102,M1,crash_rate,1.9203
com.labpixies.flood,102,M1,mau,0.0348
com.labpixies.flood,103,M1,stickiness,-0.7905
com.labpixies.flood,103,M1,dau,-11.5784
com.labpixies.flood,103,M1,crash_rate,-1.1771
com.labpixies.flood,103,M1,mau,0.0188
com.labpixies.flood,104,M1,stickiness,-0.3946
com.labpixies.flood,104,M1,dau,-3.0966
com.labpixies.flood,104,M1,crash_rate,-0.0366
com.labpixies.flood,104,M1,mau,0.013
com.labpixies.flood,105,M1,stickiness,-0.6476
com.labpixies.flood,105,M1,dau,-8.438
com.labpixies.flood,105,M1,crash_rate,0.7656
com.labpixies.flood,105,M1,mau,0.0052
com.labpixies.flood,106,M1,stickiness,-0.327
com.labpixies.flood,106,M1,dau,-2.1833
com.labpixies.flood,106,M1,crash_rate,-0.1804
com.labpixies.flood,106,M1,mau,0.0026
com.labpixies.flood,107,M1,stickiness,-0.8061
com.labpixies.flood,107,M1,dau,-12.3825
com.labpixies.flood,107,M1,crash_rate,-0.6068
com.labpixies.flood,107,M1,mau,-0.0001
com.labpixies.flood,108,M1,stickiness,-0.0784
com.labpixies.flood,108,M1,dau,0.0702
com.labpixies.flood,108,M1,crash_rate,5.7197
com.labpixies.flood,108,M1,mau,0.0003
com.labpixies.flood,109,M1,stickiness,-0.0862
com.labpixies.flood,109,M1,dau,0.0463
com.labpixies.flood,109,M1,crash_rate,0.1384
com.labpixies.flood,109,M1,mau,0.0013
com.labpixies.flood,110,M1,stickiness,-0.1164
com.labpixies.flood,110,M1,dau,-0.01
com.labpixies.flood,110,M1,crash_rate,0.2452
com.labpixies.flood,110,M1,mau,0.0005
com.google.flood2,0,M1,stickiness,27.9898
com.google.flood2,0,M1,dau,0.4182
com.google.flood2,0,M1,crash_rate,0.0004
com.google.flood2,0,M1,mau,-4.8891
com.google.flood2,1,M1,stickiness,10.776
com.google.flood2,1,M1,dau,2.4839
com.google.flood2,1,M1,crash_rate,-0.3884
com.google.flood2,1,M1,mau,-3.8474
com.google.flood2,2,M1,stickiness,5.025
com.google.flood2,2,M1,dau,1.9884
com.google.flood2,2,M1,crash_rate,-0.513
com.google.flood2,2,M1,mau,-3.2234
com.google.flood2,3,M1,stickiness,2.565
com.google.flood2,3,M1,dau,1.2351
com.google.flood2,3,M1,crash_rate,-0.4865
com.google.flood2,3,M1,mau,-2.756
com.google.flood2,4,M1,stickiness,1.1124
com.google.flood2,4,M1,dau,0.2993
com.google.flood2,4,M1,crash_rate,-0.2809
com.google.flood2,4,M1,mau,-2.3757
com.google.flood2,5,M1,stickiness,0.8127
com.google.flood2,5,M1,dau,0.4182
com.google.flood2,5,M1,crash_rate,-0.5024
com.google.flood2,5,M1,mau,-2.0772
com.google.flood2,6,M1,stickiness,5.4329
com.google.flood2,6,M1,dau,103.1468
com.google.flood2,6,M1,crash_rate,-0.3132
com.google.flood2,6,M1,mau,-0.5356
com.google.flood2,7,M1,stickiness,2.6701
com.google.flood2,7,M1,dau,92.6417
com.google.flood2,7,M1,crash_rate,-1.1751
com.google.flood2,7,M1,mau,-0.1188
com.google.flood2,8,M1,stickiness,-0.4683
com.google.flood2,8,M1,dau,-6.1998
com.google.flood2,8,M1,crash_rate,0.03
com.google.flood2,8,M1,mau,-0.0852
com.google.flood2,9,M1,stickiness,-0.4313
com.google.flood2,9,M1,dau,-5.2477
com.google.flood2,9,M1,crash_rate,-0.0449
com.google.flood2,9,M1,mau,-0.0577
com.google.flood2,10,M1,stickiness,-0.3816
com.google.flood2,10,M1,dau,-4.0347
com.google.flood2,10,M1,crash_rate,-0.0632
com.google.flood2,10,M1,mau,-0.0315
com.google.flood2,11,M1,stickiness,-0.3808
com.google.flood2,11,M1,dau,-3.7724
com.google.flood2,11,M1,crash_rate,-0.2161
com.google.flood2,11,M1,mau,-0.0142
com.google.flood2,12,M1,stickiness,-0.4576
com.google.flood2,12,M1,dau,-5.0221
com.google.flood2,12,M1,crash_rate,-0.0016
com.google.flood2,12,M1,mau,-0.0052
com.google.flood2,13,M1,stickiness,1.1657
com.google.flood2,13,M1,dau,100.1352
com.google.flood2,13,M1,crash_rate,-1.3378
com.google.flood2,13,M1,mau,0.0899
com.google.flood2,14,M1,stickiness,0.6443
com.google.flood2,14,M1,dau,88.223
com.google.flood2,14,M1,crash_rate,-1.297
com.google.flood2,14,M1,mau,0.3406
com.google.flood2,15,M1,stickiness,-0.6124
com.google.flood2,15,M1,dau,-5.7138
com.google.flood2,15,M1,crash_rate,-0.0016
com.google.flood2,15,M1,mau,0.3815
com.google.flood2,16,M1,stickiness,0.4202
com.google.flood2,16,M1,dau,92.6417
com.google.flood2,16,M1,crash_rate,-1.1427
com.google.flood2,16,M1,mau,0.8507
com.google.flood2,17,M1,stickiness,-0.5058
com.google.flood2,17,M1,dau,-2.3838
com.google.flood2,17,M1,crash_rate,-0.3072
com.google.flood2,17,M1,mau,0.9552
com.google.flood2,18,M1,stickiness,0.2855
com.google.flood2,18,M1,dau,101.1341
com.google.flood2,18,M1,crash_rate,-1.4338
com.google.flood2,18,M1,mau,1.6435
com.google.flood2,19,M1,stickiness,0.1646
com.google.flood2,19,M1,dau,97.1683
com.google.flood2,19,M1,crash_rate,-1.2127
com.google.flood2,19,M1,mau,2.4309
com.google.flood2,20,M1,stickiness,-0.6221
com.google.flood2,20,M1,dau,-3.1553
com.google.flood2,20,M1,crash_rate,-0.1553
com.google.flood2,20,M1,mau,2.5454
com.google.flood2,21,M1,stickiness,-0.6802
com.google.flood2,21,M1,dau,-4.4446
com.google.flood2,21,M1,crash_rate,-0.7047
com.google.flood2,21,M1,mau,2.6697
com.google.flood2,22,M1,stickiness,-0.6653
com.google.flood2,22,M1,dau,-3.9683
com.google.flood2,22,M1,crash_rate,-0.0417
com.google.flood2,22,M1,mau,2.8118
com.google.flood2,23,M1,stickiness,-0.6856
com.google.flood2,23,M1,dau,-4.3749
com.google.flood2,23,M1,crash_rate,-0.3211
com.google.flood2,23,M1,mau,2.9537
com.google.flood2,24,M1,stickiness,-0.694
com.google.flood2,24,M1,dau,-4.5149
com.google.flood2,24,M1,crash_rate,-0.3284
com.google.flood2,24,M1,mau,3.0643
com.google.flood2,25,M1,stickiness,-0.6018
com.google.flood2,25,M1,dau,-2.2824
com.google.flood2,25,M1,crash_rate,-0.5304
com.google.flood2,25,M1,mau,3.2084
com.google.flood2,26,M1,stickiness,-0.6488
com.google.flood2,26,M1,dau,-3.2145
com.google.flood2,26,M1,crash_rate,-0.931
com.google.flood2,26,M1,mau,3.3438
com.google.flood2,27,M1,stickiness,-0.7228
com.google.flood2,27,M1,dau,-5.0221
com.google.flood2,27,M1,crash_rate,-0.7138
com.google.flood2,27,M1,mau,3.4615
com.google.flood2,28,M1,stickiness,-0.7008
com.google.flood2,28,M1,dau,-4.3749
com.google.flood2,28,M1,crash_rate,-0.6682
com.google.flood2,28,M1,mau,3.548
com.google.flood2,29,M1,stickiness,-0.7409
com.google.flood2,29,M1,dau,-5.4009
com.google.flood2,29,M1,crash_rate,-0.3049
com.google.flood2,29,M1,mau,3.6691
com.google.flood2,30,M1,stickiness,-0.7299
com.google.flood2,30,M1,dau,-5.1719
com.google.flood2,30,M1,crash_rate,0.0431
com.google.flood2,30,M1,mau,3.5355
com.google.flood2,31,M1,stickiness,-0.6392
com.google.flood2,31,M1,dau,-2.9809
com.google.flood2,31,M1,crash_rate,-0.2201
com.google.flood2,31,M1,mau,3.368
com.google.flood2,32,M1,stickiness,-0.724
com.google.flood2,32,M1,dau,-5.2477
com.google.flood2,32,M1,crash_rate,-0.4735
com.google.flood2,32,M1,mau,3.1692
com.google.flood2,33,M1,stickiness,-0.6256
com.google.flood2,33,M1,dau,-2.9239
com.google.flood2,33,M1,crash_rate,-0.3548
com.google.flood2,33,M1,mau,2.984
com.google.flood2,34,M1,stickiness,-0.7336
com.google.flood2,34,M1,dau,-5.7934
com.google.flood2,34,M1,crash_rate,-0.5766
com.google.flood2,34,M1,mau,2.7787
com.google.flood2,35,M1,stickiness,-0.701
com.google.flood2,35,M1,dau,-5.0221
com.google.flood2,35,M1,crash_rate,0.0063
com.google.flood2,35,M1,mau,2.6232
com.google.flood2,36,M1,stickiness,-0.7245
com.google.flood2,36,M1,dau,-6.2827
com.google.flood2,36,M1,crash_rate,-0.4521
com.google.flood2,36,M1,mau,1.8949
com.google.flood2,37,M1,stickiness,-0.6539
com.google.flood2,37,M1,dau,-5.1719
com.google.flood2,37,M1,crash_rate,-0.1998
com.google.flood2,37,M1,mau,1.2428
com.google.flood2,38,M1,stickiness,-0.6066
com.google.flood2,38,M1,dau,-4.0347
com.google.flood2,38,M1,crash_rate,-0.1932
com.google.flood2,38,M1,mau,1.2625
com.google.flood2,39,M1,stickiness,-0.4263
com.google.flood2,39,M1,dau,-0.7746
com.google.flood2,39,M1,crash_rate,-0.4419
com.google.flood2,39,M1,mau,1.3301
com.google.flood2,40,M1,stickiness,-0.5869
com.google.flood2,40,M1,dau,-3.519
com.google.flood2,40,M1,crash_rate,-0.1719
com.google.flood2,40,M1,mau,1.3301
com.google.flood2,41,M1,stickiness,-0.6189
com.google.flood2,41,M1,dau,-4.2372
com.google.flood2,41,M1,crash_rate,-0.2137
com.google.flood2,41,M1,mau,1.325
com.google.flood2,42,M1,stickiness,-0.5992
com.google.flood2,42,M1,dau,-3.7724
com.google.flood2,42,M1,crash_rate,-0.4905
com.google.flood2,42,M1,mau,1.3428
com.google.flood2,43,M1,stickiness,-0.5922
com.google.flood2,43,M1,dau,-4.3749
com.google.flood2,43,M1,crash_rate,-0.4208
com.google.flood2,43,M1,mau,0.8027
com.google.flood2,44,M1,stickiness,-0.5891
com.google.flood2,44,M1,dau,-5.324
com.google.flood2,44,M1,crash_rate,-0.3406
com.google.flood2,44,M1,mau,0.3316
com.google.flood2,45,M1,stickiness,-0.5074
com.google.flood2,45,M1,dau,-3.5815
com.google.flood2,45,M1,crash_rate,-0.409
com.google.flood2,45,M1,mau,0.338
com.google.flood2,46,M1,stickiness,-0.328
com.google.flood2,46,M1,dau,-1.6771
com.google.flood2,46,M1,crash_rate,-0.5608
com.google.flood2,46,M1,mau,0.0439
com.google.flood2,47,M1,stickiness,-0.2976
com.google.flood2,47,M1,dau,-1.201
com.google.flood2,47,M1,crash_rate,-0.0148
com.google.flood2,47,M1,mau,0.0511
com.google.flood2,48,M1,stickiness,-0.3362
com.google.flood2,48,M1,dau,-3.3955
com.google.flood2,48,M1,crash_rate,-0.5322
com.google.flood2,48,M1,mau,-0.0476
com.google.flood2,49,M1,stickiness,-0.2261
com.google.flood2,49,M1,dau,-5.324
com.google.flood2,49,M1,crash_rate,0.0009
com.google.flood2,49,M1,mau,-0.9101
com.google.flood2,50,M1,stickiness,-0.1609
com.google.flood2,50,M1,dau,-4.0347
com.google.flood2,50,M1,crash_rate,-0.1294
com.google.flood2,50,M1,mau,-0.8913
com.google.flood2,51,M1,stickiness,-0.0443
com.google.flood2,51,M1,dau,-1.5506
com.google.flood2,51,M1,crash_rate,-0.3954
com.google.flood2,51,M1,mau,-0.8605
com.google.flood2,52,M1,stickiness,-0.0221
com.google.flood2,52,M1,dau,-0.9598
com.google.flood2,52,M1,crash_rate,-0.2841
com.google.flood2,52,M1,mau,-0.8382
com.google.flood2,53,M1,stickiness,-0.0127
com.google.flood2,53,M1,dau,-0.51
com.google.flood2,53,M1,crash_rate,-0.2919
com.google.flood2,53,M1,mau,-0.7405
com.google.flood2,54,M1,stickiness,-0.0616
com.google.flood2,54,M1,dau,-1.5506
com.google.flood2,54,M1,crash_rate,-0.1175
com.google.flood2,54,M1,mau,-0.7273
com.google.flood2,55,M1,stickiness,-0.041
com.google.flood2,55,M1,dau,-1.0943
com.google.flood2,55,M1,crash_rate,-0.3643
com.google.flood2,55,M1,mau,-0.7161
com.google.flood2,56,M1,stickiness,-0.088
com.google.flood2,56,M1,dau,-2.1345
com.google.flood2,56,M1,crash_rate,-0.0146
com.google.flood2,56,M1,mau,-0.7462
com.google.flood2,57,M1,stickiness,-0.0688
com.google.flood2,57,M1,dau,-1.6344
com.google.flood2,57,M1,crash_rate,-0.0197
com.google.flood2,57,M1,mau,-0.7068
com.google.flood2,58,M1,stickiness,-0.1669
com.google.flood2,58,M1,dau,-3.3955
com.google.flood2,58,M1,crash_rate,-0.0054
com.google.flood2,58,M1,mau,-0.6739
com.google.flood2,59,M1,stickiness,-0.2165
com.google.flood2,59,M1,dau,-4.3058
com.google.flood2,59,M1,crash_rate,-0.0129
com.google.flood2,59,M1,mau,-0.6721
com.google.flood2,60,M1,stickiness,-0.1298
com.google.flood2,60,M1,dau,-2.5932
com.google.flood2,60,M1,crash_rate,-0.0404
com.google.flood2,60,M1,mau,-0.6418
com.google.flood2,61,M1,stickiness,-0.1123
com.google.flood2,61,M1,dau,-2.2326
com.google.flood2,61,M1,crash_rate,-0.0618
com.google.flood2,61,M1,mau,-0.6313
com.google.flood2,62,M1,stickiness,-0.0735
com.google.flood2,62,M1,dau,-1.4691
com.google.flood2,62,M1,crash_rate,-0.0777
com.google.flood2,62,M1,mau,-0.6191
com.google.flood2,63,M1,stickiness,-0.1727
com.google.flood2,63,M1,dau,-3.3955
com.google.flood2,63,M1,crash_rate,0.0211
com.google.flood2,63,M1,mau,-0.6436
com.google.flood2,64,M1,stickiness,-0.1873
com.google.flood2,64,M1,dau,-3.7082
com.google.flood2,64,M1,crash_rate,-0.0555
com.google.flood2,64,M1,mau,-0.656
com.google.flood2,65,M1,stickiness,-0.1263
com.google.flood2,65,M1,dau,-2.5401
com.google.flood2,65,M1,crash_rate,-0.0036
com.google.flood2,65,M1,mau,-0.6453
com.google.flood2,66,M1,stickiness,-0.1781
com.google.flood2,66,M1,dau,-3.457
com.google.flood2,66,M1,crash_rate,0.0032
com.google.flood2,66,M1,mau,-0.633
com.google.flood2,67,M1,stickiness,-0.0418
com.google.flood2,67,M1,dau,-0.7746
com.google.flood2,67,M1,crash_rate,-0.0015
com.google.flood2,67,M1,mau,-0.5799
com.google.flood2,68,M1,stickiness,-0.0672
com.google.flood2,68,M1,dau,-1.1649
com.google.flood2,68,M1,crash_rate,-0.0815
com.google.flood2,68,M1,mau,-0.5534
com.google.flood2,69,M1,stickiness,-0.1698
com.google.flood2,69,M1,dau,-3.1553
com.google.flood2,69,M1,crash_rate,0.0013
com.google.flood2,69,M1,mau,-0.5917
com.google.flood2,70,M1,stickiness,-0.1311
com.google.flood2,70,M1,dau,-2.4354
com.google.flood2,70,M1,crash_rate,-0.1112
com.google.flood2,70,M1,mau,-0.5883
com.google.flood2,71,M1,stickiness,-0.1128
com.google.flood2,71,M1,dau,-2.1345
com.google.flood2,71,M1,crash_rate,0.019
com.google.flood2,71,M1,mau,-0.5985
com.google.flood2,72,M1,stickiness,-0.1596
com.google.flood2,72,M1,dau,-3.0966
com.google.flood2,72,M1,crash_rate,-0.0088
com.google.flood2,72,M1,mau,-0.6278
com.google.flood2,73,M1,stickiness,-0.0208
com.google.flood2,73,M1,dau,-0.3984
com.google.flood2,73,M1,crash_rate,-0.2766
com.google.flood2,73,M1,mau,-0.585
com.google.flood2,74,M1,stickiness,-0.0762
com.google.flood2,74,M1,dau,-1.3509
com.google.flood2,74,M1,crash_rate,-0.1906
com.google.flood2,74,M1,mau,-0.5617
com.google.flood2,75,M1,stickiness,-0.0789
com.google.flood2,75,M1,dau,-1.3897
com.google.flood2,75,M1,crash_rate,-0.232
com.google.flood2,75,M1,mau,-0.5584
com.google.flood2,76,M1,stickiness,-0.0327
com.google.flood2,76,M1,dau,-0.5586
com.google.flood2,76,M1,crash_rate,-0.847
com.google.flood2,76,M1,mau,-0.5567
com.google.flood2,77,M1,stickiness,-0.0407
com.google.flood2,77,M1,dau,-0.7457
com.google.flood2,77,M1,crash_rate,-0.4757
com.google.flood2,77,M1,mau,-0.5766
com.google.flood2,78,M1,stickiness,-0.0474
com.google.flood2,78,M1,dau,-0.8648
com.google.flood2,78,M1,crash_rate,-0.3972
com.google.flood2,78,M1,mau,-0.5749
com.google.flood2,79,M1,stickiness,-0.0296
com.google.flood2,79,M1,dau,-0.4637
com.google.flood2,79,M1,crash_rate,-0.3619
com.google.flood2,79,M1,mau,-0.5372
com.google.flood2,80,M1,stickiness,-0.1355
com.google.flood2,80,M1,dau,-2.3329
com.google.flood2,80,M1,crash_rate,-0.0637
com.google.flood2,80,M1,mau,-0.5356
com.google.flood2,81,M1,stickiness,-0.1644
com.google.flood2,81,M1,dau,-2.9239
com.google.flood2,81,M1,crash_rate,0.0
com.google.flood2,81,M1,mau,-0.5551
com.google.flood2,82,M1,stickiness,0.0955
com.google.flood2,82,M1,dau,4.0972
com.google.flood2,82,M1,crash_rate,-0.3769
com.google.flood2,82,M1,mau,-0.2945
com.google.flood2,83,M1,stickiness,-0.1986
com.google.flood2,83,M1,dau,-2.647
com.google.flood2,83,M1,crash_rate,-0.2655
com.google.flood2,83,M1,mau,-0.3289
com.google.flood2,84,M1,stickiness,0.0051
com.google.flood2,84,M1,dau,1.8959
com.google.flood2,84,M1,crash_rate,-0.4694
com.google.flood2,84,M1,mau,-0.1313
com.google.flood2,85,M1,stickiness,0.0001
com.google.flood2,85,M1,dau,1.8056
com.google.flood2,85,M1,crash_rate,-0.3708
com.google.flood2,85,M1,mau,-0.0631
com.google.flood2,86,M1,stickiness,0.0208
com.google.flood2,86,M1,dau,5.6295
com.google.flood2,86,M1,crash_rate,-0.1565
com.google.flood2,86,M1,mau,-0.0222
com.google.flood2,87,M1,stickiness,0.0232
com.google.flood2,87,M1,dau,7.4048
com.google.flood2,87,M1,crash_rate,-0.4661
com.google.flood2,87,M1,mau,-0.0021
com.google.flood2,88,M1,stickiness,-0.0257
com.google.flood2,88,M1,dau,1.127
com.google.flood2,88,M1,crash_rate,-0.2594
com.google.flood2,88,M1,mau,0.0023
com.google.flood2,89,M1,stickiness,-0.0925
com.google.flood2,89,M1,dau,0.0702
com.google.flood2,89,M1,crash_rate,0.008
com.google.flood2,89,M1,mau,0.0097
com.google.flood2,90,M1,stickiness,-0.0341
com.google.flood2,90,M1,dau,1.7612
com.google.flood2,90,M1,crash_rate,-0.5502
com.google.flood2,90,M1,mau,0.0605
com.google.flood2,91,M1,stickiness,-0.0839
com.google.flood2,91,M1,dau,0.5569
com.google.flood2,91,M1,crash_rate,-0.4424
com.google.flood2,91,M1,mau,0.0952
com.google.flood2,92,M1,stickiness,-0.2025
com.google.flood2,92,M1,dau,-0.0542
com.google.flood2,92,M1,crash_rate,-0.0751
com.google.flood2,92,M1,mau,0.147
com.google.flood2,93,M1,stickiness,-0.0935
com.google.flood2,93,M1,dau,0.7727
com.google.flood2,93,M1,crash_rate,-0.3468
com.google.flood2,93,M1,mau,0.1951
com.google.flood2,94,M1,stickiness,-0.3003
com.google.flood2,94,M1,dau,-0.6622
com.google.flood2,94,M1,crash_rate,-0.0086
com.google.flood2,94,M1,mau,0.2171
com.google.flood2,95,M1,stickiness,-0.1447
com.google.flood2,95,M1,dau,0.4182
com.google.flood2,95,M1,crash_rate,-0.0913
com.google.flood2,95,M1,mau,0.3883
com.google.flood2,96,M1,stickiness,-0.0743
com.google.flood2,96,M1,dau,2.5897
com.google.flood2,96,M1,crash_rate,-0.1642
com.google.flood2,96,M1,mau,0.4933
com.google.flood2,97,M1,stickiness,-0.1872
com.google.flood2,97,M1,dau,0.1717
com.google.flood2,97,M1,crash_rate,-0.4999
com.google.flood2,97,M1,mau,0.5327
com.google.flood2,98,M1,stickiness,-0.0504
com.google.flood2,98,M1,dau,4.7241
com.google.flood2,98,M1,crash_rate,-0.3927
com.google.flood2,98,M1,mau,0.6369
com.google.flood2,99,M1,stickiness,-0.038
com.google.flood2,99,M1,dau,6.8728
com.google.flood2,99,M1,crash_rate,-0.752
com.google.flood2,99,M1,mau,0.8106
com.google.flood2,100,M1,stickiness,-0.1049
com.google.flood2,100,M1,dau,2.6434
com.google.flood2,100,M1,crash_rate,-0.4064
com.google.flood2,100,M1,mau,0.8732
com.google.flood2,101,M1,stickiness,-0.0295
com.google.flood2,101,M1,dau,9.7311
com.google.flood2,101,M1,crash_rate,-0.4481
com.google.flood2,101,M1,mau,1.0908
com.google.flood2,102,M1,stickiness,-0.1521
com.google.flood2,102,M1,dau,1.8056
com.google.flood2,102,M1,crash_rate,-0.2908
com.google.flood2,102,M1,mau,1.2063
com.google.flood2,103,M1,stickiness,-0.0231
com.google.flood2,103,M1,dau,13.2055
com.google.flood2,103,M1,crash_rate,-0.3119
com.google.flood2,103,M1,mau,1.4441
com.google.flood2,104,M1,stickiness,-0.2739
com.google.flood2,104,M1,dau,0.1329
com.google.flood2,104,M1,crash_rate,-0.4394
com.google.flood2,104,M1,mau,1.5217
com.google.flood2,105,M1,stickiness,-0.135
com.google.flood2,105,M1,dau,3.3914
com.google.flood2,105,M1,crash_rate,-0.453
com.google.flood2,105,M1,mau,1.635
com.google.flood2,106,M1,stickiness,-0.2074
com.google.flood2,106,M1,dau,1.1985
com.google.flood2,106,M1,crash_rate,-0.7713
com.google.flood2,106,M1,mau,1.7292
com.google.flood2,107,M1,stickiness,-0.0037
com.google.flood2,107,M1,dau,25.4479
com.google.flood2,107,M1,crash_rate,-0.605
com.google.flood2,107,M1,mau,2.1033
com.google.flood2,108,M1,stickiness,-0.3952
com.google.flood2,108,M1,dau,-0.0998
com.google.flood2,108,M1,crash_rate,-0.7948
com.google.flood2,108,M1,mau,2.2066
com.google.flood2,109,M1,stickiness,-0.361
com.google.flood2,109,M1,dau,-0.0003
com.google.flood2,109,M1,crash_rate,-0.2387
com.google.flood2,109,M1,mau,2.2924
com.google.flood2,110,M1,stickiness,-0.4192
com.google.flood2,110,M1,dau,-0.2013
com.google.flood2,110,M1,crash_rate,-0.4757
com.google.flood2,110,M1,mau,2.3493
com.labpixies.flood,1,M2,stickiness,17.707
com.labpixies.flood,1,M2,dau,-5.412
com.labpixies.flood,1,M2,crash_rate,1.4713
com.labpixies.flood,1,M2,mau,-6.0267
com.labpixies.flood,1,M2,competitor_count,-2.8648
com.labpixies.flood,1,M2,category_rank,-2.1641
com.labpixies.flood,1,M2,market_trend,0.1654
com.labpixies.flood,1,M2,rank_volatility_7d,0.0292
com.labpixies.flood,1,M2,media_coverage,31.0177
com.labpixies.flood,2,M2,stickiness,7.7385
com.labpixies.flood,2,M2,dau,-5.5742
com.labpixies.flood,2,M2,crash_rate,28.9753
com.labpixies.flood,2,M2,mau,-5.6162
com.labpixies.flood,2,M2,competitor_count,-2.6053
com.labpixies.flood,2,M2,category_rank,-2.1641
com.labpixies.flood,2,M2,market_trend,-0.0271
com.labpixies.flood,2,M2,rank_volatility_7d,-0.0089
com.labpixies.flood,2,M2,media_coverage,4.4148
com.labpixies.flood,3,M2,stickiness,4.1431
com.labpixies.flood,3,M2,dau,-5.3318
com.labpixies.flood,3,M2,crash_rate,-0.0351
com.labpixies.flood,3,M2,mau,-5.2203
com.labpixies.flood,3,M2,competitor_count,-2.4573
com.labpixies.flood,3,M2,category_rank,-2.1641
com.labpixies.flood,3,M2,market_trend,-1.0435
com.labpixies.flood,3,M2,rank_volatility_7d,-0.0636
com.labpixies.flood,3,M2,media_coverage,1.2609
com.labpixies.flood,4,M2,stickiness,0.9995
com.labpixies.flood,4,M2,dau,-8.295
com.labpixies.flood,4,M2,crash_rate,-0.0307
com.labpixies.flood,4,M2,mau,-5.002
com.labpixies.flood,4,M2,competitor_count,-2.3671
com.labpixies.flood,4,M2,category_rank,-2.1641
com.labpixies.flood,4,M2,market_trend,-0.7721
com.labpixies.flood,4,M2,rank_volatility_7d,-0.1296
com.labpixies.flood,4,M2,media_coverage,0.0392
com.labpixies.flood,5,M2,stickiness,0.9953
com.labpixies.flood,5,M2,dau,-6.7768
com.labpixies.flood,5,M2,crash_rate,-0.0113
com.labpixies.flood,5,M2,mau,-4.6982
com.labpixies.flood,5,M2,competitor_count,-2.2348
com.labpixies.flood,5,M2,category_rank,-2.1641
com.labpixies.flood,5,M2,market_trend,0.1654
com.labpixies.flood,5,M2,rank_volatility_7d,-0.1933
com.labpixies.flood,5,M2,media_coverage,-0.0075
com.labpixies.flood,6,M2,stickiness,9.4866
com.labpixies.flood,6,M2,dau,4.0681
com.labpixies.flood,6,M2,crash_rate,1.9923
com.labpixies.flood,6,M2,mau,-3.3054
com.labpixies.flood,6,M2,competitor_count,-2.0311
com.labpixies.flood,6,M2,category_rank,-2.1641
com.labpixies.flood,6,M2,market_trend,-0.7721
com.labpixies.flood,6,M2,rank_volatility_7d,-0.2515
com.labpixies.flood,6,M2,media_coverage,0.0466
com.labpixies.flood,7,M2,stickiness,4.4183
com.labpixies.flood,7,M2,dau,3.3365
com.labpixies.flood,7,M2,crash_rate,3.5253
com.labpixies.flood,7,M2,mau,-2.5479
com.labpixies.flood,7,M2,competitor_count,-1.8608
com.labpixies.flood,7,M2,category_rank,-2.1641
com.labpixies.flood,7,M2,market_trend,-1.7086
com.labpixies.flood,7,M2,rank_volatility_7d,-1.6222
com.labpixies.flood,7,M2,media_coverage,0.0264
com.labpixies.flood,8,M2,stickiness,0.6035
com.labpixies.flood,8,M2,dau,-0.0392
com.labpixies.flood,8,M2,crash_rate,0.0253
com.labpixies.flood,8,M2,mau,-2.1131
com.labpixies.flood,8,M2,competitor_count,-1.6754
com.labpixies.flood,8,M2,category_rank,-1.5821
com.labpixies.flood,8,M2,market_trend,-1.3556
com.labpixies.flood,8,M2,rank_volatility_7d,-0.2515
com.labpixies.flood,8,M2,media_coverage,-0.0109
com.labpixies.flood,9,M2,stickiness,0.3971
com.labpixies.flood,9,M2,dau,-0.0059
com.labpixies.flood,9,M2,crash_rate,-0.0116
com.labpixies.flood,9,M2,mau,-1.7554
com.labpixies.flood,9,M2,competitor_count,-1.5426
com.labpixies.flood,9,M2,category_rank,-1.5821
com.labpixies.flood,9,M2,market_trend,-1.0435
com.labpixies.flood,9,M2,rank_volatility_7d,-0.0766
com.labpixies.flood,9,M2,media_coverage,0.1283
com.labpixies.flood,10,M2,stickiness,0.3335
com.labpixies.flood,10,M2,dau,0.0334
com.labpixies.flood,10,M2,crash_rate,-0.3783
com.labpixies.flood,10,M2,mau,-1.4612
com.labpixies.flood,10,M2,competitor_count,-1.381
com.labpixies.flood,10,M2,category_rank,-1.5821
com.labpixies.flood,10,M2,market_trend,-1.0435
com.labpixies.flood,10,M2,rank_volatility_7d,-0.033
com.labpixies.flood,10,M2,media_coverage,-0.0308
com.labpixies.flood,11,M2,stickiness,0.2403
com.labpixies.flood,11,M2,dau,0.1524
com.labpixies.flood,11,M2,crash_rate,-0.3536
com.labpixies.flood,11,M2,mau,-1.1492
com.labpixies.flood,11,M2,competitor_count,-1.2937
com.labpixies.flood,11,M2,category_rank,-1.5821
com.labpixies.flood,11,M2,market_trend,0.4793
com.labpixies.flood,11,M2,rank_volatility_7d,-0.033
com.labpixies.flood,11,M2,media_coverage,-0.0608
com.labpixies.flood,12,M2,stickiness,0.0176
com.labpixies.flood,12,M2,dau,-0.1251
com.labpixies.flood,12,M2,crash_rate,-0.2338
com.labpixies.flood,12,M2,mau,-0.9381
com.labpixies.flood,12,M2,competitor_count,-1.2091
com.labpixies.flood,12,M2,category_rank,-1.0911
com.labpixies.flood,12,M2,market_trend,0.0696
com.labpixies.flood,12,M2,rank_volatility_7d,0.0185
com.labpixies.flood,12,M2,media_coverage,-0.0524
com.labpixies.flood,13,M2,stickiness,0.2865
com.labpixies.flood,13,M2,dau,1.8012
com.labpixies.flood,13,M2,crash_rate,-1.2171
com.labpixies.flood,13,M2,mau,-0.6691
com.labpixies.flood,13,M2,competitor_count,-1.0846
com.labpixies.flood,13,M2,category_rank,-1.0911
com.labpixies.flood,13,M2,market_trend,-1.3556
com.labpixies.flood,13,M2,rank_volatility_7d,0.0185
com.labpixies.flood,13,M2,media_coverage,-0.0373
com.labpixies.flood,14,M2,stickiness,0.1278
com.labpixies.flood,14,M2,dau,1.3265
com.labpixies.flood,14,M2,crash_rate,-1.1811
com.labpixies.flood,14,M2,mau,-0.4703
com.labpixies.flood,14,M2,competitor_count,-0.9499
com.labpixies.flood,14,M2,category_rank,-1.0911
com.labpixies.flood,14,M2,market_trend,-2.1023
com.labpixies.flood,14,M2,rank_volatility_7d,-0.033
com.labpixies.flood,14,M2,media_coverage,0.0014
com.labpixies.flood,15,M2,stickiness,-0.001
com.labpixies.flood,15,M2,dau,-0.0001
com.labpixies.flood,15,M2,crash_rate,-0.5381
com.labpixies.flood,15,M2,mau,-0.3595
com.labpixies.flood,15,M2,competitor_count,-0.767
com.labpixies.flood,15,M2,category_rank,-0.6911
com.labpixies.flood,15,M2,market_trend,-1.0435
com.labpixies.flood,15,M2,rank_volatility_7d,0.0732
com.labpixies.flood,15,M2,media_coverage,-0.2283
com.labpixies.flood,16,M2,stickiness,0.0739
com.labpixies.flood,16,M2,dau,2.141
com.labpixies.flood,16,M2,crash_rate,-1.0296
com.labpixies.flood,16,M2,mau,-0.2184
com.labpixies.flood,16,M2,competitor_count,-0.6733
com.labpixies.flood,16,M2,category_rank,-0.6911
com.labpixies.flood,16,M2,market_trend,-1.0435
com.labpixies.flood,16,M2,rank_volatility_7d,0.1555
com.labpixies.flood,16,M2,media_coverage,0.1158
com.labpixies.flood,17,M2,stickiness,0.0002
com.labpixies.flood,17,M2,dau,0.5681
com.labpixies.flood,17,M2,crash_rate,-0.1863
com.labpixies.flood,17,M2,mau,-0.1202
com.labpixies.flood,17,M2,competitor_count,-0.5857
com.labpixies.flood,17,M2,category_rank,-0.6911
com.labpixies.flood,17,M2,market_trend,0.0146
com.labpixies.flood,17,M2,rank_volatility_7d,0.0732
com.labpixies.flood,17,M2,media_coverage,-0.6367
com.labpixies.flood,18,M2,stickiness,-0.0004
com.labpixies.flood,18,M2,dau,0.7654
com.labpixies.flood,18,M2,crash_rate,-1.027
com.labpixies.flood,18,M2,mau,-0.0547
com.labpixies.flood,18,M2,competitor_count,-0.5251
com.labpixies.flood,18,M2,category_rank,-0.6911
com.labpixies.flood,18,M2,market_trend,-0.5415
com.labpixies.flood,18,M2,rank_volatility_7d,-0.033
com.labpixies.flood,18,M2,media_coverage,-0.0608
com.labpixies.flood,19,M2,stickiness,0.0001
com.labpixies.flood,19,M2,dau,1.7551
com.labpixies.flood,19,M2,crash_rate,-1.103
com.labpixies.flood,19,M2,mau,-0.0092
com.labpixies.flood,19,M2,competitor_count,-0.4138
com.labpixies.flood,19,M2,category_rank,-0.6911
com.labpixies.flood,19,M2,market_trend,-0.7721
com.labpixies.flood,19,M2,rank_volatility_7d,-0.0766
com.labpixies.flood,19,M2,media_coverage,0.0014
com.labpixies.flood,20,M2,stickiness,-0.0934
com.labpixies.flood,20,M2,dau,0.0038
com.labpixies.flood,20,M2,crash_rate,0.003
com.labpixies.flood,20,M2,mau,-0.0001
com.labpixies.flood,20,M2,competitor_count,-0.3526
com.labpixies.flood,20,M2,category_rank,-0.6911
com.labpixies.flood,20,M2,market_trend,-0.0271
com.labpixies.flood,20,M2,rank_volatility_7d,-0.2515
com.labpixies.flood,20,M2,media_coverage,0.2504
com.labpixies.flood,21,M2,stickiness,-0.0998
com.labpixies.flood,21,M2,dau,0.0334
com.labpixies.flood,21,M2,crash_rate,-0.0023
com.labpixies.flood,21,M2,mau,0.0073
com.labpixies.flood,21,M2,competitor_count,-0.2808
com.labpixies.flood,21,M2,category_rank,-0.382
com.labpixies.flood,21,M2,market_trend,-0.7721
com.labpixies.flood,21,M2,rank_volatility_7d,-0.2515
com.labpixies.flood,21,M2,media_coverage,-0.2116
com.labpixies.flood,22,M2,stickiness,-0.1709
com.labpixies.flood,22,M2,dau,-0.0267
com.labpixies.flood,22,M2,crash_rate,-0.2326
com.labpixies.flood,22,M2,mau,0.0261
com.labpixies.flood,22,M2,competitor_count,-0.2253
com.labpixies.flood,22,M2,category_rank,-0.382
com.labpixies.flood,22,M2,market_trend,-0.0271
com.labpixies.flood,22,M2,rank_volatility_7d,-0.0766
com.labpixies.flood,22,M2,media_coverage,0.2504
com.labpixies.flood,23,M2,stickiness,-0.172
com.labpixies.flood,23,M2,dau,-0.0018
com.labpixies.flood,23,M2,crash_rate,-0.0092
com.labpixies.flood,23,M2,mau,0.058
com.labpixies.flood,23,M2,competitor_count,-0.1479
com.labpixies.flood,23,M2,category_rank,-0.1639
com.labpixies.flood,23,M2,market_trend,0.3019
com.labpixies.flood,23,M2,rank_volatility_7d,0.1113
com.labpixies.flood,23,M2,media_coverage,-0.0524
com.labpixies.flood,24,M2,stickiness,-0.223
com.labpixies.flood,24,M2,dau,-0.0463
com.labpixies.flood,24,M2,crash_rate,-0.0576
com.labpixies.flood,24,M2,mau,0.1017
com.labpixies.flood,24,M2,competitor_count,-0.1104
com.labpixies.flood,24,M2,category_rank,-0.1639
com.labpixies.flood,24,M2,market_trend,-2.5369
com.labpixies.flood,24,M2,rank_volatility_7d,0.3185
com.labpixies.flood,24,M2,media_coverage,0.0031
com.labpixies.flood,25,M2,stickiness,-0.2262
com.labpixies.flood,25,M2,dau,-0.0124
com.labpixies.flood,25,M2,crash_rate,3.3043
com.labpixies.flood,25,M2,mau,0.1595
com.labpixies.flood,25,M2,competitor_count,-0.08
com.labpixies.flood,25,M2,category_rank,-0.1639
com.labpixies.flood,25,M2,market_trend,-0.0945
com.labpixies.flood,25,M2,rank_volatility_7d,0.3185
com.labpixies.flood,25,M2,media_coverage,-0.3212
com.labpixies.flood,26,M2,stickiness,-0.45
com.labpixies.flood,26,M2,dau,-1.1674
com.labpixies.flood,26,M2,crash_rate,0.0002
com.labpixies.flood,26,M2,mau,0.214
com.labpixies.flood,26,M2,competitor_count,-0.0558
com.labpixies.flood,26,M2,category_rank,-0.1639
com.labpixies.flood,26,M2,market_trend,-0.0271
com.labpixies.flood,26,M2,rank_volatility_7d,0.1113
com.labpixies.flood,26,M2,media_coverage,-0.3417
com.labpixies.flood,27,M2,stickiness,-0.2359
com.labpixies.flood,27,M2,dau,0.002
com.labpixies.flood,27,M2,crash_rate,-0.3333
com.labpixies.flood,27,M2,mau,0.2912
com.labpixies.flood,27,M2,competitor_count,-0.0328
com.labpixies.flood,27,M2,category_rank,-0.0367
com.labpixies.flood,27,M2,market_trend,0.0146
com.labpixies.flood,27,M2,rank_volatility_7d,0.0185
com.labpixies.flood,27,M2,media_coverage,0.0725
com.labpixies.flood,28,M2,stickiness,-0.1973
com.labpixies.flood,28,M2,dau,0.1662
com.labpixies.flood,28,M2,crash_rate,-0.1745
com.labpixies.flood,28,M2,mau,0.3889
com.labpixies.flood,28,M2,competitor_count,-0.0137
com.labpixies.flood,28,M2,category_rank,-0.0367
com.labpixies.flood,28,M2,market_trend,-0.0945
com.labpixies.flood,28,M2,rank_volatility_7d,0.0185
com.labpixies.flood,28,M2,media_coverage,0.1413
com.labpixies.flood,29,M2,stickiness,-0.2507
com.labpixies.flood,29,M2,dau,0.04
com.labpixies.flood,29,M2,crash_rate,-0.4731
com.labpixies.flood,29,M2,mau,0.4941
com.labpixies.flood,29,M2,competitor_count,-0.0068
com.labpixies.flood,29,M2,category_rank,-0.0367
com.labpixies.flood,29,M2,market_trend,0.1654
com.labpixies.flood,29,M2,rank_volatility_7d,-0.033
com.labpixies.flood,29,M2,media_coverage,-0.2456
com.labpixies.flood,30,M2,stickiness,-0.1929
com.labpixies.flood,30,M2,dau,0.3786
com.labpixies.flood,30,M2,crash_rate,-0.0195
com.labpixies.flood,30,M2,mau,0.5437
com.labpixies.flood,30,M2,competitor_count,0.0004
com.labpixies.flood,30,M2,category_rank,0.0552
com.labpixies.flood,30,M2,market_trend,0.0146
com.labpixies.flood,30,M2,rank_volatility_7d,0.8286
com.labpixies.flood,30,M2,media_coverage,-0.0373
com.labpixies.flood,31,M2,stickiness,-0.2442
com.labpixies.flood,31,M2,dau,0.1146
com.labpixies.flood,31,M2,crash_rate,-0.0604
com.labpixies.flood,31,M2,mau,0.594
com.labpixies.flood,31,M2,competitor_count,0.014
com.labpixies.flood,31,M2,category_rank,0.4375
com.labpixies.flood,31,M2,market_trend,-3.0122
com.labpixies.flood,31,M2,rank_volatility_7d,5.902
com.labpixies.flood,31,M2,media_coverage,-0.9178
com.labpixies.flood,32,M2,stickiness,-0.3194
com.labpixies.flood,32,M2,dau,-0.0018
com.labpixies.flood,32,M2,crash_rate,2.0875
com.labpixies.flood,32,M2,mau,0.6447
com.labpixies.flood,32,M2,competitor_count,0.0272
com.labpixies.flood,32,M2,category_rank,0.4375
com.labpixies.flood,32,M2,market_trend,-0.0005
com.labpixies.flood,32,M2,rank_volatility_7d,8.5964
com.labpixies.flood,32,M2,media_coverage,-0.9178
com.labpixies.flood,33,M2,stickiness,-0.4729
com.labpixies.flood,33,M2,dau,-0.5914
com.labpixies.flood,33,M2,crash_rate,-0.2666
com.labpixies.flood,33,M2,mau,0.6633
com.labpixies.flood,33,M2,competitor_count,0.0592
com.labpixies.flood,33,M2,category_rank,0.4375
com.labpixies.flood,33,M2,market_trend,2.8629
com.labpixies.flood,33,M2,rank_volatility_7d,7.908
com.labpixies.flood,33,M2,media_coverage,-0.4069
com.labpixies.flood,34,M2,stickiness,-0.338
com.labpixies.flood,34,M2,dau,-0.0035
com.labpixies.flood,34,M2,crash_rate,-0.1093
com.labpixies.flood,34,M2,mau,0.7462
com.labpixies.flood,34,M2,competitor_count,0.0962
com.labpixies.flood,34,M2,category_rank,0.4375
com.labpixies.flood,34,M2,market_trend,-1.3556
com.labpixies.flood,34,M2,rank_volatility_7d,6.8262
com.labpixies.flood,34,M2,media_coverage,-0.2636
com.labpixies.flood,35,M2,stickiness,-0.5159
com.labpixies.flood,35,M2,dau,-0.7923
com.labpixies.flood,35,M2,crash_rate,0.6002
com.labpixies.flood,35,M2,mau,0.7622
com.labpixies.flood,35,M2,competitor_count,0.1444
com.labpixies.flood,35,M2,category_rank,0.4375
com.labpixies.flood,35,M2,market_trend,0.4793
com.labpixies.flood,35,M2,rank_volatility_7d,3.7675
com.labpixies.flood,35,M2,media_coverage,-0.0109
com.labpixies.flood,36,M2,stickiness,-0.4042
com.labpixies.flood,36,M2,dau,-0.2093
com.labpixies.flood,36,M2,crash_rate,0.0051
com.labpixies.flood,36,M2,mau,0.6595
com.labpixies.flood,36,M2,competitor_count,0.1945
com.labpixies.flood,36,M2,category_rank,0.4375
com.labpixies.flood,36,M2,market_trend,-0.0945
com.labpixies.flood,36,M2,rank_volatility_7d,0.0732
com.labpixies.flood,36,M2,media_coverage,-0.2636
com.labpixies.flood,37,M2,stickiness,-0.5603
com.labpixies.flood,37,M2,dau,-1.5282
com.labpixies.flood,37,M2,crash_rate,-0.0872
com.labpixies.flood,37,M2,mau,0.5186
com.labpixies.flood,37,M2,competitor_count,0.2405
com.labpixies.flood,37,M2,category_rank,0.4375
com.labpixies.flood,37,M2,market_trend,1.2561
com.labpixies.flood,37,M2,rank_volatility_7d,-1.6222
com.labpixies.flood,37,M2,media_coverage,-0.09
com.labpixies.flood,38,M2,stickiness,-0.3053
com.labpixies.flood,38,M2,dau,-0.0018
com.labpixies.flood,38,M2,crash_rate,0.2289
com.labpixies.flood,38,M2,mau,0.5591
com.labpixies.flood,38,M2,competitor_count,0.3041
com.labpixies.flood,38,M2,category_rank,0.4375
com.labpixies.flood,38,M2,market_trend,0.4793
com.labpixies.flood,38,M2,rank_volatility_7d,-1.6222
com.labpixies.flood,38,M2,media_coverage,-0.0373
com.labpixies.flood,39,M2,stickiness,-0.282
com.labpixies.flood,39,M2,dau,0.0062
com.labpixies.flood,39,M2,crash_rate,0.2849
com.labpixies.flood,39,M2,mau,0.5523
com.labpixies.flood,39,M2,competitor_count,0.361
com.labpixies.flood,39,M2,category_rank,0.4375
com.labpixies.flood,39,M2,market_trend,5.7893
com.labpixies.flood,39,M2,rank_volatility_7d,-1.6222
com.labpixies.flood,39,M2,media_coverage,-0.0075
com.labpixies.flood,40,M2,stickiness,-0.3916
com.labpixies.flood,40,M2,dau,-0.2422
com.labpixies.flood,40,M2,crash_rate,0.1064
com.labpixies.flood,40,M2,mau,0.5421
com.labpixies.flood,40,M2,competitor_count,0.4116
com.labpixies.flood,40,M2,category_rank,0.4375
com.labpixies.flood,40,M2,market_trend,3.9111
com.labpixies.flood,40,M2,rank_volatility_7d,-1.6222
com.labpixies.flood,40,M2,media_coverage,-1.0229
com.labpixies.flood,41,M2,stickiness,-0.2669
com.labpixies.flood,41,M2,dau,0.0219
com.labpixies.flood,41,M2,crash_rate,0.116
com.labpixies.flood,41,M2,mau,0.5353
com.labpixies.flood,41,M2,competitor_count,0.4896
com.labpixies.flood,41,M2,category_rank,0.4375
com.labpixies.flood,41,M2,market_trend,-0.7721
com.labpixies.flood,41,M2,rank_volatility_7d,-1.6222
com.labpixies.flood,41,M2,media_coverage,-0.0011
com.labpixies.flood,42,M2,stickiness,-0.2973
com.labpixies.flood,42,M2,dau,-0.0018
com.labpixies.flood,42,M2,crash_rate,1.5091
com.labpixies.flood,42,M2,mau,0.5137
com.labpixies.flood,42,M2,competitor_count,0.5439
com.labpixies.flood,42,M2,category_rank,0.4375
com.labpixies.flood,42,M2,market_trend,0.0696
com.labpixies.flood,42,M2,rank_volatility_7d,-1.6222
com.labpixies.flood,42,M2,media_coverage,-0.1377
com.labpixies.flood,43,M2,stickiness,-0.3292
com.labpixies.flood,43,M2,dau,-0.0714
com.labpixies.flood,43,M2,crash_rate,0.2813
com.labpixies.flood,43,M2,mau,0.4545
com.labpixies.flood,43,M2,competitor_count,0.633
com.labpixies.flood,43,M2,category_rank,0.4375
com.labpixies.flood,43,M2,market_trend,-0.0271
com.labpixies.flood,43,M2,rank_volatility_7d,-1.6222
com.labpixies.flood,43,M2,media_coverage,10.4938
com.labpixies.flood,44,M2,stickiness,-0.2649
com.labpixies.flood,44,M2,dau,0.0038
com.labpixies.flood,44,M2,crash_rate,-0.3048
com.labpixies.flood,44,M2,mau,0.4407
com.labpixies.flood,44,M2,competitor_count,0.7289
com.labpixies.flood,44,M2,category_rank,0.4375
com.labpixies.flood,44,M2,market_trend,-0.0945
com.labpixies.flood,44,M2,rank_volatility_7d,-1.6222
com.labpixies.flood,44,M2,media_coverage,-0.3013
com.labpixies.flood,45,M2,stickiness,-0.2028
com.labpixies.flood,45,M2,dau,0.1956
com.labpixies.flood,45,M2,crash_rate,-0.2033
com.labpixies.flood,45,M2,mau,0.4468
com.labpixies.flood,45,M2,competitor_count,0.821
com.labpixies.flood,45,M2,category_rank,0.7651
com.labpixies.flood,45,M2,market_trend,1.9779
com.labpixies.flood,45,M2,rank_volatility_7d,-0.2515
com.labpixies.flood,45,M2,media_coverage,-0.4778
com.labpixies.flood,46,M2,stickiness,-0.2455
com.labpixies.flood,46,M2,dau,0.0129
com.labpixies.flood,46,M2,crash_rate,-0.1522
com.labpixies.flood,46,M2,mau,0.3889
com.labpixies.flood,46,M2,competitor_count,0.8799
com.labpixies.flood,46,M2,category_rank,0.7651
com.labpixies.flood,46,M2,market_trend,4.4963
com.labpixies.flood,46,M2,rank_volatility_7d,-0.0766
com.labpixies.flood,46,M2,media_coverage,-0.3212
com.labpixies.flood,47,M2,stickiness,-0.2511
com.labpixies.flood,47,M2,dau,0.002
com.labpixies.flood,47,M2,crash_rate,-0.4214
com.labpixies.flood,47,M2,mau,0.358
com.labpixies.flood,47,M2,competitor_count,0.9751
com.labpixies.flood,47,M2,category_rank,0.7651
com.labpixies.flood,47,M2,market_trend,5.7893
com.labpixies.flood,47,M2,rank_volatility_7d,-0.033
com.labpixies.flood,47,M2,media_coverage,-0.1956
com.labpixies.flood,48,M2,stickiness,-0.1333
com.labpixies.flood,48,M2,dau,0.5945
com.labpixies.flood,48,M2,crash_rate,-0.3048
com.labpixies.flood,48,M2,mau,0.3257
com.labpixies.flood,48,M2,competitor_count,1.0631
com.labpixies.flood,48,M2,category_rank,0.7651
com.labpixies.flood,48,M2,market_trend,-0.0005
com.labpixies.flood,48,M2,rank_volatility_7d,-0.033
com.labpixies.flood,48,M2,media_coverage,-0.0608
com.labpixies.flood,49,M2,stickiness,-0.1484
com.labpixies.flood,49,M2,dau,0.3174
com.labpixies.flood,49,M2,crash_rate,-0.0101
com.labpixies.flood,49,M2,mau,0.2646
com.labpixies.flood,49,M2,competitor_count,1.1737
com.labpixies.flood,49,M2,category_rank,1.1836
com.labpixies.flood,49,M2,market_trend,-0.0945
com.labpixies.flood,49,M2,rank_volatility_7d,0.0185
com.labpixies.flood,49,M2,media_coverage,-0.0011
com.labpixies.flood,50,M2,stickiness,-0.197
com.labpixies.flood,50,M2,dau,0.0551
com.labpixies.flood,50,M2,crash_rate,-0.1172
com.labpixies.flood,50,M2,mau,0.2622
com.labpixies.flood,50,M2,competitor_count,1.3231
com.labpixies.flood,50,M2,category_rank,1.1836
com.labpixies.flood,50,M2,market_trend,0.3019
com.labpixies.flood,50,M2,rank_volatility_7d,0.0185
com.labpixies.flood,50,M2,media_coverage,0.0325
com.labpixies.flood,51,M2,stickiness,-0.1513
com.labpixies.flood,51,M2,dau,0.3174
com.labpixies.flood,51,M2,crash_rate,-0.326
com.labpixies.flood,51,M2,mau,0.2778
com.labpixies.flood,51,M2,competitor_count,1.4672
com.labpixies.flood,51,M2,category_rank,1.1836
com.labpixies.flood,51,M2,market_trend,0.3019
com.labpixies.flood,51,M2,rank_volatility_7d,-0.033
com.labpixies.flood,51,M2,media_coverage,-0.1654
com.labpixies.flood,52,M2,stickiness,-0.1143
com.labpixies.flood,52,M2,dau,0.8272
com.labpixies.flood,52,M2,crash_rate,-0.3798
com.labpixies.flood,52,M2,mau,0.3166
com.labpixies.flood,52,M2,competitor_count,1.5457
com.labpixies.flood,52,M2,category_rank,1.1836
com.labpixies.flood,52,M2,market_trend,0.0696
com.labpixies.flood,52,M2,rank_volatility_7d,-0.033
com.labpixies.flood,52,M2,media_coverage,-0.0075
com.labpixies.flood,53,M2,stickiness,-0.1429
com.labpixies.flood,53,M2,dau,0.5681
com.labpixies.flood,53,M2,crash_rate,-0.1388
com.labpixies.flood,53,M2,mau,0.3649
com.labpixies.flood,53,M2,competitor_count,1.6635
com.labpixies.flood,53,M2,category_rank,1.1836
com.labpixies.flood,53,M2,market_trend,0.3019
com.labpixies.flood,53,M2,rank_volatility_7d,-0.0766
com.labpixies.flood,53,M2,media_coverage,-0.1802
com.labpixies.flood,54,M2,stickiness,-0.1501
com.labpixies.flood,54,M2,dau,0.5945
com.labpixies.flood,54,M2,crash_rate,0.2749
com.labpixies.flood,54,M2,mau,0.4181
com.labpixies.flood,54,M2,competitor_count,1.7934
com.labpixies.flood,54,M2,category_rank,1.1836
com.labpixies.flood,54,M2,market_trend,2.8629
com.labpixies.flood,54,M2,rank_volatility_7d,-0.2515
com.labpixies.flood,54,M2,media_coverage,-0.0149
com.labpixies.flood,55,M2,stickiness,-0.2319
com.labpixies.flood,55,M2,dau,0.0551
com.labpixies.flood,55,M2,crash_rate,-0.4932
com.labpixies.flood,55,M2,mau,0.424
com.labpixies.flood,55,M2,competitor_count,1.9121
com.labpixies.flood,55,M2,category_rank,1.1836
com.labpixies.flood,55,M2,market_trend,0.4793
com.labpixies.flood,55,M2,rank_volatility_7d,-1.6222
com.labpixies.flood,55,M2,media_coverage,0.1999
com.labpixies.flood,56,M2,stickiness,-0.2009
com.labpixies.flood,56,M2,dau,0.2112
com.labpixies.flood,56,M2,crash_rate,-0.2726
com.labpixies.flood,56,M2,mau,0.4514
com.labpixies.flood,56,M2,competitor_count,2.0679
com.labpixies.flood,56,M2,category_rank,1.6931
com.labpixies.flood,56,M2,market_trend,-0.2027
com.labpixies.flood,56,M2,rank_volatility_7d,-0.2515
com.labpixies.flood,56,M2,media_coverage,0.1693
com.labpixies.flood,57,M2,stickiness,-0.2047
com.labpixies.flood,57,M2,dau,0.2442
com.labpixies.flood,57,M2,crash_rate,-0.0884
com.labpixies.flood,57,M2,mau,0.5038
com.labpixies.flood,57,M2,competitor_count,2.2038
com.labpixies.flood,57,M2,category_rank,2.2936
com.labpixies.flood,57,M2,market_trend,0.4793
com.labpixies.flood,57,M2,rank_volatility_7d,0.1113
com.labpixies.flood,57,M2,media_coverage,-0.4299
com.labpixies.flood,58,M2,stickiness,-0.2533
com.labpixies.flood,58,M2,dau,0.04
com.labpixies.flood,58,M2,crash_rate,0.7965
com.labpixies.flood,58,M2,mau,0.5087
com.labpixies.flood,58,M2,competitor_count,2.443
com.labpixies.flood,58,M2,category_rank,2.2936
com.labpixies.flood,58,M2,market_trend,-0.5415
com.labpixies.flood,58,M2,rank_volatility_7d,0.4483
com.labpixies.flood,58,M2,media_coverage,-0.6654
com.labpixies.flood,59,M2,stickiness,-0.4937
com.labpixies.flood,59,M2,dau,-0.988
com.labpixies.flood,59,M2,crash_rate,-0.032
com.labpixies.flood,59,M2,mau,0.4828
com.labpixies.flood,59,M2,competitor_count,2.5906
com.labpixies.flood,59,M2,category_rank,3.7673
com.labpixies.flood,59,M2,market_trend,0.3019
com.labpixies.flood,59,M2,rank_volatility_7d,3.1775
com.labpixies.flood,59,M2,media_coverage,-0.101
com.labpixies.flood,60,M2,stickiness,-0.2846
com.labpixies.flood,60,M2,dau,-0.0006
com.labpixies.flood,60,M2,crash_rate,-0.0917
com.labpixies.flood,60,M2,mau,0.4623
com.labpixies.flood,60,M2,competitor_count,2.8395
com.labpixies.flood,60,M2,category_rank,4.6406
com.labpixies.flood,60,M2,market_trend,2.4
com.labpixies.flood,60,M2,rank_volatility_7d,6.96
com.labpixies.flood,60,M2,media_coverage,-0.6367
com.labpixies.flood,61,M2,stickiness,-0.2632
com.labpixies.flood,61,M2,dau,0.0093
com.labpixies.flood,61,M2,crash_rate,0.0172
com.labpixies.flood,61,M2,mau,0.4638
com.labpixies.flood,61,M2,competitor_count,2.9683
com.labpixies.flood,61,M2,category_rank,4.6406
com.labpixies.flood,61,M2,market_trend,1.9779
com.labpixies.flood,61,M2,rank_volatility_7d,7.6352
com.labpixies.flood,61,M2,media_coverage,-0.5812
com.labpixies.flood,62,M2,stickiness,-0.189
com.labpixies.flood,62,M2,dau,0.2796
com.labpixies.flood,62,M2,crash_rate,-0.1697
com.labpixies.flood,62,M2,mau,0.4437
com.labpixies.flood,62,M2,competitor_count,3.3186
com.labpixies.flood,62,M2,category_rank,5.6048
com.labpixies.flood,62,M2,market_trend,0.3019
com.labpixies.flood,62,M2,rank_volatility_7d,6.8262
com.labpixies.flood,62,M2,media_coverage,-0.4299
com.labpixies.flood,63,M2,stickiness,-0.2795
com.labpixies.flood,63,M2,dau,0.0001
com.labpixies.flood,63,M2,crash_rate,-0.7573
com.labpixies.flood,63,M2,mau,0.4686
com.labpixies.flood,63,M2,competitor_count,3.5557
com.labpixies.flood,63,M2,category_rank,6.66
com.labpixies.flood,63,M2,market_trend,0.0696
com.labpixies.flood,63,M2,rank_volatility_7d,6.8262
com.labpixies.flood,63,M2,media_coverage,-0.0002
com.labpixies.flood,64,M2,stickiness,-0.3212
com.labpixies.flood,64,M2,dau,-0.0541
com.labpixies.flood,64,M2,crash_rate,0.2318
com.labpixies.flood,64,M2,mau,0.4483
com.labpixies.flood,64,M2,competitor_count,3.8579
com.labpixies.flood,64,M2,category_rank,7.8062
com.labpixies.flood,64,M2,market_trend,0.4793
com.labpixies.flood,64,M2,rank_volatility_7d,7.6352
com.labpixies.flood,64,M2,media_coverage,1.0327
com.labpixies.flood,65,M2,stickiness,-0.276
com.labpixies.flood,65,M2,dau,0.0001
com.labpixies.flood,65,M2,crash_rate,0.1597
com.labpixies.flood,65,M2,mau,0.4499
com.labpixies.flood,65,M2,competitor_count,4.1842
com.labpixies.flood,65,M2,category_rank,9.0433
com.labpixies.flood,65,M2,market_trend,0.9563
com.labpixies.flood,65,M2,rank_volatility_7d,5.7718
com.labpixies.flood,65,M2,media_coverage,-0.3845
com.labpixies.flood,66,M2,stickiness,-0.2356
com.labpixies.flood,66,M2,dau,0.0725
com.labpixies.flood,66,M2,crash_rate,-0.3182
com.labpixies.flood,66,M2,mau,0.4749
com.labpixies.flood,66,M2,competitor_count,4.4377
com.labpixies.flood,66,M2,category_rank,9.0433
com.labpixies.flood,66,M2,market_trend,1.9779
com.labpixies.flood,66,M2,rank_volatility_7d,5.129
com.labpixies.flood,66,M2,media_coverage,-0.3212
com.labpixies.flood,67,M2,stickiness,-0.3014
com.labpixies.flood,67,M2,dau,-0.0035
com.labpixies.flood,67,M2,crash_rate,-0.0432
com.labpixies.flood,67,M2,mau,0.5186
com.labpixies.flood,67,M2,competitor_count,4.6233
com.labpixies.flood,67,M2,category_rank,9.0433
com.labpixies.flood,67,M2,market_trend,5.7893
com.labpixies.flood,67,M2,rank_volatility_7d,4.1308
com.labpixies.flood,67,M2,media_coverage,-0.2456
com.labpixies.flood,68,M2,stickiness,-0.367
com.labpixies.flood,68,M2,dau,-0.1508
com.labpixies.flood,68,M2,crash_rate,-0.2033
com.labpixies.flood,68,M2,mau,0.5253
com.labpixies.flood,68,M2,competitor_count,4.7999
com.labpixies.flood,68,M2,category_rank,9.0433
com.labpixies.flood,68,M2,market_trend,7.2454
com.labpixies.flood,68,M2,rank_volatility_7d,1.4603
com.labpixies.flood,68,M2,media_coverage,-0.1248
com.labpixies.flood,69,M2,stickiness,-0.2224
com.labpixies.flood,69,M2,dau,0.1662
com.labpixies.flood,69,M2,crash_rate,-0.017
com.labpixies.flood,69,M2,mau,0.5286
com.labpixies.flood,69,M2,competitor_count,5.058
com.labpixies.flood,69,M2,category_rank,9.0433
com.labpixies.flood,69,M2,market_trend,0.0146
com.labpixies.flood,69,M2,rank_volatility_7d,0.1113
com.labpixies.flood,69,M2,media_coverage,-0.1802
com.labpixies.flood,70,M2,stickiness,-0.2216
com.labpixies.flood,70,M2,dau,0.1806
com.labpixies.flood,70,M2,crash_rate,-0.2879
com.labpixies.flood,70,M2,mau,0.5404
com.labpixies.flood,70,M2,competitor_count,5.2694
com.labpixies.flood,70,M2,category_rank,9.0433
com.labpixies.flood,70,M2,market_trend,0.0696
com.labpixies.flood,70,M2,rank_volatility_7d,-0.2515
com.labpixies.flood,70,M2,media_coverage,0.0161
com.labpixies.flood,71,M2,stickiness,-0.3186
com.labpixies.flood,71,M2,dau,-0.0166
com.labpixies.flood,71,M2,crash_rate,0.1051
com.labpixies.flood,71,M2,mau,0.5421
com.labpixies.flood,71,M2,competitor_count,5.5397
com.labpixies.flood,71,M2,category_rank,9.0433
com.labpixies.flood,71,M2,market_trend,0.1654
com.labpixies.flood,71,M2,rank_volatility_7d,-1.6222
com.labpixies.flood,71,M2,media_coverage,-0.0524
com.labpixies.flood,72,M2,stickiness,-0.3631
com.labpixies.flood,72,M2,dau,-0.1376
com.labpixies.flood,72,M2,crash_rate,-0.3434
com.labpixies.flood,72,M2,mau,0.5236
com.labpixies.flood,72,M2,competitor_count,5.8589
com.labpixies.flood,72,M2,category_rank,9.0433
com.labpixies.flood,72,M2,market_trend,-0.2027
com.labpixies.flood,72,M2,rank_volatility_7d,-1.6222
com.labpixies.flood,72,M2,media_coverage,-0.1377
com.labpixies.flood,73,M2,stickiness,-0.3972
com.labpixies.flood,73,M2,dau,-0.296
com.labpixies.flood,73,M2,crash_rate,-0.046
com.labpixies.flood,73,M2,mau,0.512
com.labpixies.flood,73,M2,competitor_count,6.0719
com.labpixies.flood,73,M2,category_rank,9.0433
com.labpixies.flood,73,M2,market_trend,0.6974
com.labpixies.flood,73,M2,rank_volatility_7d,-1.6222
com.labpixies.flood,73,M2,media_coverage,-0.0026
com.labpixies.flood,74,M2,stickiness,-0.2594
com.labpixies.flood,74,M2,dau,0.0334
com.labpixies.flood,74,M2,crash_rate,-0.3317
com.labpixies.flood,74,M2,mau,0.5269
com.labpixies.flood,74,M2,competitor_count,6.2159
com.labpixies.flood,74,M2,category_rank,9.0433
com.labpixies.flood,74,M2,market_trend,0.6974
com.labpixies.flood,74,M2,rank_volatility_7d,-1.6222
com.labpixies.flood,74,M2,media_coverage,-0.6087
com.labpixies.flood,75,M2,stickiness,-0.38
com.labpixies.flood,75,M2,dau,-0.2422
com.labpixies.flood,75,M2,crash_rate,11.1137
com.labpixies.flood,75,M2,mau,0.4796
com.labpixies.flood,75,M2,competitor_count,6.4648
com.labpixies.flood,75,M2,category_rank,9.0433
com.labpixies.flood,75,M2,market_trend,1.9779
com.labpixies.flood,75,M2,rank_volatility_7d,-1.6222
com.labpixies.flood,75,M2,media_coverage,0.0264
com.labpixies.flood,76,M2,stickiness,-0.327
com.labpixies.flood,76,M2,dau,-0.0624
com.labpixies.flood,76,M2,crash_rate,-0.5193
com.labpixies.flood,76,M2,mau,0.4607
com.labpixies.flood,76,M2,competitor_count,6.7638
com.labpixies.flood,76,M2,category_rank,10.3714
com.labpixies.flood,76,M2,market_trend,0.0146
com.labpixies.flood,76,M2,rank_volatility_7d,-0.2515
com.labpixies.flood,76,M2,media_coverage,0.0209
com.labpixies.flood,77,M2,stickiness,-0.4022
com.labpixies.flood,77,M2,dau,-0.3761
com.labpixies.flood,77,M2,crash_rate,0.2678
com.labpixies.flood,77,M2,mau,0.4607
com.labpixies.flood,77,M2,competitor_count,7.0079
com.labpixies.flood,77,M2,category_rank,11.7904
com.labpixies.flood,77,M2,market_trend,0.6974
com.labpixies.flood,77,M2,rank_volatility_7d,0.1113
com.labpixies.flood,77,M2,media_coverage,0.0824
com.labpixies.flood,78,M2,stickiness,-0.255
com.labpixies.flood,78,M2,dau,0.0093
com.labpixies.flood,78,M2,crash_rate,0.0297
com.labpixies.flood,78,M2,mau,0.421
com.labpixies.flood,78,M2,competitor_count,7.225
com.labpixies.flood,78,M2,category_rank,13.3004
com.labpixies.flood,78,M2,market_trend,0.6974
com.labpixies.flood,78,M2,rank_volatility_7d,1.4603
com.labpixies.flood,78,M2,media_coverage,0.0031
com.labpixies.flood,79,M2,stickiness,-0.3223
com.labpixies.flood,79,M2,dau,-0.0911
com.labpixies.flood,79,M2,crash_rate,-0.0055
com.labpixies.flood,79,M2,mau,0.3874
com.labpixies.flood,79,M2,competitor_count,7.6531
com.labpixies.flood,79,M2,category_rank,14.9013
com.labpixies.flood,79,M2,market_trend,4.4963
com.labpixies.flood,79,M2,rank_volatility_7d,4.1308
com.labpixies.flood,79,M2,media_coverage,0.0209
com.labpixies.flood,80,M2,stickiness,-0.2599
com.labpixies.flood,80,M2,dau,0.0038
com.labpixies.flood,80,M2,crash_rate,0.433
com.labpixies.flood,80,M2,mau,0.4151
com.labpixies.flood,80,M2,competitor_count,7.9781
com.labpixies.flood,80,M2,category_rank,16.5931
com.labpixies.flood,80,M2,market_trend,-0.3517
com.labpixies.flood,80,M2,rank_volatility_7d,7.3639
com.labpixies.flood,80,M2,media_coverage,-0.0373
com.labpixies.flood,81,M2,stickiness,-0.2362
com.labpixies.flood,81,M2,dau,0.0551
com.labpixies.flood,81,M2,crash_rate,-0.3981
com.labpixies.flood,81,M2,mau,0.4468
com.labpixies.flood,81,M2,competitor_count,8.2263
com.labpixies.flood,81,M2,category_rank,16.5931
com.labpixies.flood,81,M2,market_trend,0.0696
com.labpixies.flood,81,M2,rank_volatility_7d,7.3639
com.labpixies.flood,81,M2,media_coverage,0.5886
com.labpixies.flood,82,M2,stickiness,-1.1949
com.labpixies.flood,82,M2,dau,-10.974
com.labpixies.flood,82,M2,crash_rate,2.1883
com.labpixies.flood,82,M2,mau,0.386
com.labpixies.flood,82,M2,competitor_count,8.5122
com.labpixies.flood,82,M2,category_rank,16.5931
com.labpixies.flood,82,M2,market_trend,1.5966
com.labpixies.flood,82,M2,rank_volatility_7d,4.1308
com.labpixies.flood,82,M2,media_coverage,-0.6948
com.labpixies.flood,83,M2,stickiness,-0.2299
com.labpixies.flood,83,M2,dau,0.0274
com.labpixies.flood,83,M2,crash_rate,-0.1071
com.labpixies.flood,83,M2,mau,0.3566
com.labpixies.flood,83,M2,competitor_count,8.8375
com.labpixies.flood,83,M2,category_rank,18.376
com.labpixies.flood,83,M2,market_trend,1.9779
com.labpixies.flood,83,M2,rank_volatility_7d,2.3895
com.labpixies.flood,83,M2,media_coverage,0.0929
com.labpixies.flood,84,M2,stickiness,-0.9946
com.labpixies.flood,84,M2,dau,-7.8041
com.labpixies.flood,84,M2,crash_rate,-0.6891
com.labpixies.flood,84,M2,mau,0.3283
com.labpixies.flood,84,M2,competitor_count,9.0811
com.labpixies.flood,84,M2,category_rank,18.376
com.labpixies.flood,84,M2,market_trend,5.1224
com.labpixies.flood,84,M2,rank_volatility_7d,0.8286
com.labpixies.flood,84,M2,media_coverage,-0.0026
com.labpixies.flood,85,M2,stickiness,-0.6668
com.labpixies.flood,85,M2,dau,-3.1423
com.labpixies.flood,85,M2,crash_rate,-0.0
com.labpixies.flood,85,M2,mau,0.3297
com.labpixies.flood,85,M2,competitor_count,9.3281
com.labpixies.flood,85,M2,category_rank,20.2498
com.labpixies.flood,85,M2,market_trend,1.5966
com.labpixies.flood,85,M2,rank_volatility_7d,0.5184
com.labpixies.flood,85,M2,media_coverage,-0.1654
com.labpixies.flood,86,M2,stickiness,-1.0838
com.labpixies.flood,86,M2,dau,-9.3217
com.labpixies.flood,86,M2,crash_rate,-0.2551
com.labpixies.flood,86,M2,mau,0.3025
com.labpixies.flood,86,M2,competitor_count,9.6685
com.labpixies.flood,86,M2,category_rank,22.2145
com.labpixies.flood,86,M2,market_trend,0.1654
com.labpixies.flood,86,M2,rank_volatility_7d,1.1778
com.labpixies.flood,86,M2,media_coverage,0.7637
com.labpixies.flood,87,M2,stickiness,-1.1319
com.labpixies.flood,87,M2,dau,-10.2969
com.labpixies.flood,87,M2,crash_rate,2.7405
com.labpixies.flood,87,M2,mau,0.2449
com.labpixies.flood,87,M2,competitor_count,9.9966
com.labpixies.flood,87,M2,category_rank,22.2145
com.labpixies.flood,87,M2,market_trend,0.0696
com.labpixies.flood,87,M2,rank_volatility_7d,1.7576
com.labpixies.flood,87,M2,media_coverage,0.0264
com.labpixies.flood,88,M2,stickiness,-0.5586
com.labpixies.flood,88,M2,dau,-2.135
com.labpixies.flood,88,M2,crash_rate,19.6234
com.labpixies.flood,88,M2,mau,0.2483
com.labpixies.flood,88,M2,competitor_count,10.2929
com.labpixies.flood,88,M2,category_rank,22.2145
com.labpixies.flood,88,M2,market_trend,0.1654
com.labpixies.flood,88,M2,rank_volatility_7d,1.4603
com.labpixies.flood,88,M2,media_coverage,1.9313
com.labpixies.flood,89,M2,stickiness,-0.2912
com.labpixies.flood,89,M2,dau,-0.0809
com.labpixies.flood,89,M2,crash_rate,-0.197
com.labpixies.flood,89,M2,mau,0.2705
com.labpixies.flood,89,M2,competitor_count,10.5745
com.labpixies.flood,89,M2,category_rank,22.2145
com.labpixies.flood,89,M2,market_trend,2.8629
com.labpixies.flood,89,M2,rank_volatility_7d,0.4483
com.labpixies.flood,89,M2,media_coverage,0.6444
com.labpixies.flood,90,M2,stickiness,-0.6162
com.labpixies.flood,90,M2,dau,-2.7275
com.labpixies.flood,90,M2,crash_rate,-0.2521
com.labpixies.flood,90,M2,mau,0.2658
com.labpixies.flood,90,M2,competitor_count,10.9368
com.labpixies.flood,90,M2,category_rank,24.2702
com.labpixies.flood,90,M2,market_trend,0.0146
com.labpixies.flood,90,M2,rank_volatility_7d,0.4483
com.labpixies.flood,90,M2,media_coverage,0.2161
com.labpixies.flood,91,M2,stickiness,-0.7635
com.labpixies.flood,91,M2,dau,-4.7117
com.labpixies.flood,91,M2,crash_rate,19.4461
com.labpixies.flood,91,M2,mau,0.2336
com.labpixies.flood,91,M2,competitor_count,11.3051
com.labpixies.flood,91,M2,category_rank,24.2702
com.labpixies.flood,91,M2,market_trend,-0.3517
com.labpixies.flood,91,M2,rank_volatility_7d,0.0185
com.labpixies.flood,91,M2,media_coverage,0.7951
com.labpixies.flood,92,M2,stickiness,-0.1387
com.labpixies.flood,92,M2,dau,0.4002
com.labpixies.flood,92,M2,crash_rate,-0.0221
com.labpixies.flood,92,M2,mau,0.2634
com.labpixies.flood,92,M2,competitor_count,11.6597
com.labpixies.flood,92,M2,category_rank,24.2702
com.labpixies.flood,92,M2,market_trend,1.2561
com.labpixies.flood,92,M2,rank_volatility_7d,-0.033
com.labpixies.flood,92,M2,media_coverage,1.2609
com.labpixies.flood,93,M2,stickiness,-0.6557
com.labpixies.flood,93,M2,dau,-3.2662
com.labpixies.flood,93,M2,crash_rate,0.181
com.labpixies.flood,93,M2,mau,0.246
com.labpixies.flood,93,M2,competitor_count,12.141
com.labpixies.flood,93,M2,category_rank,26.4168
com.labpixies.flood,93,M2,market_trend,1.5966
com.labpixies.flood,93,M2,rank_volatility_7d,0.0732
com.labpixies.flood,93,M2,media_coverage,-0.0109
com.labpixies.flood,94,M2,stickiness,-0.3086
com.labpixies.flood,94,M2,dau,-0.1508
com.labpixies.flood,94,M2,crash_rate,-0.2699
com.labpixies.flood,94,M2,mau,0.2587
com.labpixies.flood,94,M2,competitor_count,12.7148
com.labpixies.flood,94,M2,category_rank,30.9829
com.labpixies.flood,94,M2,market_trend,0.3019
com.labpixies.flood,94,M2,rank_volatility_7d,2.3895
com.labpixies.flood,94,M2,media_coverage,0.6444
com.labpixies.flood,95,M2,stickiness,-0.9765
com.labpixies.flood,95,M2,dau,-7.8041
com.labpixies.flood,95,M2,crash_rate,-0.5613
com.labpixies.flood,95,M2,mau,0.2415
com.labpixies.flood,95,M2,competitor_count,13.0907
com.labpixies.flood,95,M2,category_rank,30.9829
com.labpixies.flood,95,M2,market_trend,1.9779
com.labpixies.flood,95,M2,rank_volatility_7d,3.7675
com.labpixies.flood,95,M2,media_coverage,-0.6948
com.labpixies.flood,96,M2,stickiness,-1.198
com.labpixies.flood,96,M2,dau,-11.5547
com.labpixies.flood,96,M2,crash_rate,3.2772
com.labpixies.flood,96,M2,mau,0.1994
com.labpixies.flood,96,M2,competitor_count,13.3868
com.labpixies.flood,96,M2,category_rank,30.9829
com.labpixies.flood,96,M2,market_trend,4.4963
com.labpixies.flood,96,M2,rank_volatility_7d,3.2939
com.labpixies.flood,96,M2,media_coverage,0.1413
com.labpixies.flood,97,M2,stickiness,-0.5978
com.labpixies.flood,97,M2,dau,-2.843
com.labpixies.flood,97,M2,crash_rate,-0.0264
com.labpixies.flood,97,M2,mau,0.1727
com.labpixies.flood,97,M2,competitor_count,13.7293
com.labpixies.flood,97,M2,category_rank,33.4024
com.labpixies.flood,97,M2,market_trend,-1.3556
com.labpixies.flood,97,M2,rank_volatility_7d,4.2534
com.labpixies.flood,97,M2,media_coverage,0.0824
com.labpixies.flood,98,M2,stickiness,-1.1758
com.labpixies.flood,98,M2,dau,-11.4374
com.labpixies.flood,98,M2,crash_rate,-0.5202
com.labpixies.flood,98,M2,mau,0.1332
com.labpixies.flood,98,M2,competitor_count,14.0543
com.labpixies.flood,98,M2,category_rank,33.4024
com.labpixies.flood,98,M2,market_trend,1.5966
com.labpixies.flood,98,M2,rank_volatility_7d,3.2939
com.labpixies.flood,98,M2,media_coverage,0.5096
com.labpixies.flood,99,M2,stickiness,-1.1586
com.labpixies.flood,99,M2,dau,-11.3207
com.labpixies.flood,99,M2,crash_rate,-0.1799
com.labpixies.flood,99,M2,mau,0.0981
com.labpixies.flood,99,M2,competitor_count,14.3611
com.labpixies.flood,99,M2,category_rank,33.4024
com.labpixies.flood,99,M2,market_trend,0.3019
com.labpixies.flood,99,M2,rank_volatility_7d,0.8286
com.labpixies.flood,99,M2,media_coverage,0.733
com.labpixies.flood,100,M2,stickiness,-1.269
com.labpixies.flood,100,M2,dau,-13.3867
com.labpixies.flood,100,M2,crash_rate,-0.2696
com.labpixies.flood,100,M2,mau,0.052
com.labpixies.flood,100,M2,competitor_count,14.7827
com.labpixies.flood,100,M2,category_rank,33.4024
com.labpixies.flood,100,M2,market_trend,0.9563
com.labpixies.flood,100,M2,rank_volatility_7d,-0.033
com.labpixies.flood,100,M2,media_coverage,-0.0196
com.labpixies.flood,101,M2,stickiness,-1.231
com.labpixies.flood,101,M2,dau,-13.0095
com.labpixies.flood,101,M2,crash_rate,-0.7557
com.labpixies.flood,101,M2,mau,0.0218
com.labpixies.flood,101,M2,competitor_count,15.2105
com.labpixies.flood,101,M2,category_rank,33.4024
com.labpixies.flood,101,M2,market_trend,0.9563
com.labpixies.flood,101,M2,rank_volatility_7d,-0.0766
com.labpixies.flood,101,M2,media_coverage,-0.0373
com.labpixies.flood,102,M2,stickiness,-0.5488
com.labpixies.flood,102,M2,dau,-3.2039
com.labpixies.flood,102,M2,crash_rate,1.8741
com.labpixies.flood,102,M2,mau,0.0232
com.labpixies.flood,102,M2,competitor_count,15.5984
com.labpixies.flood,102,M2,category_rank,33.4024
com.labpixies.flood,102,M2,market_trend,0.3019
com.labpixies.flood,102,M2,rank_volatility_7d,-0.2515
com.labpixies.flood,102,M2,media_coverage,-0.1956
com.labpixies.flood,103,M2,stickiness,-1.214
com.labpixies.flood,103,M2,dau,-12.885
com.labpixies.flood,103,M2,crash_rate,-1.1761
com.labpixies.flood,103,M2,mau,0.0101
com.labpixies.flood,103,M2,competitor_count,16.061
com.labpixies.flood,103,M2,category_rank,33.4024
com.labpixies.flood,103,M2,market_trend,4.4963
com.labpixies.flood,103,M2,rank_volatility_7d,-1.6222
com.labpixies.flood,103,M2,media_coverage,0.0
com.labpixies.flood,104,M2,stickiness,-0.5507
com.labpixies.flood,104,M2,dau,-3.5211
com.labpixies.flood,104,M2,crash_rate,-0.0388
com.labpixies.flood,104,M2,mau,0.0058
com.labpixies.flood,104,M2,competitor_count,16.6962
com.labpixies.flood,104,M2,category_rank,33.4024
com.labpixies.flood,104,M2,market_trend,2.8629
com.labpixies.flood,104,M2,rank_volatility_7d,-1.6222
com.labpixies.flood,104,M2,media_coverage,8.3158
com.labpixies.flood,105,M2,stickiness,-0.9712
com.labpixies.flood,105,M2,dau,-9.4277
com.labpixies.flood,105,M2,crash_rate,0.7426
com.labpixies.flood,105,M2,mau,0.0011
com.labpixies.flood,105,M2,competitor_count,17.2229
com.labpixies.flood,105,M2,category_rank,33.4024
com.labpixies.flood,105,M2,market_trend,2.8629
com.labpixies.flood,105,M2,rank_volatility_7d,-1.6222
com.labpixies.flood,105,M2,media_coverage,5.8626
com.labpixies.flood,106,M2,stickiness,-0.4416
com.labpixies.flood,106,M2,dau,-2.5037
com.labpixies.flood,106,M2,crash_rate,-0.1839
com.labpixies.flood,106,M2,mau,0.0001
com.labpixies.flood,106,M2,competitor_count,17.8313
com.labpixies.flood,106,M2,category_rank,35.9129
com.labpixies.flood,106,M2,market_trend,3.3666
com.labpixies.flood,106,M2,rank_volatility_7d,-0.2515
com.labpixies.flood,106,M2,media_coverage,1.512
com.labpixies.flood,107,M2,stickiness,-1.2406
com.labpixies.flood,107,M2,dau,-13.7693
com.labpixies.flood,107,M2,crash_rate,-0.6094
com.labpixies.flood,107,M2,mau,-0.0026
com.labpixies.flood,107,M2,competitor_count,18.2511
com.labpixies.flood,107,M2,category_rank,35.9129
com.labpixies.flood,107,M2,market_trend,10.6471
com.labpixies.flood,107,M2,rank_volatility_7d,-0.0766
com.labpixies.flood,107,M2,media_coverage,3.1719
com.labpixies.flood,108,M2,stickiness,-0.0689
com.labpixies.flood,108,M2,dau,0.0551
com.labpixies.flood,108,M2,crash_rate,5.6064
com.labpixies.flood,108,M2,mau,-0.0006
com.labpixies.flood,108,M2,competitor_count,18.726
com.labpixies.flood,108,M2,category_rank,35.9129
com.labpixies.flood,108,M2,market_trend,1.5966
com.labpixies.flood,108,M2,rank_volatility_7d,-0.033
com.labpixies.flood,108,M2,media_coverage,222.7456
com.labpixies.flood,109,M2,stickiness,-0.079
com.labpixies.flood,109,M2,dau,0.0334
com.labpixies.flood,109,M2,crash_rate,0.1313
com.labpixies.flood,109,M2,mau,-0.0
com.labpixies.flood,109,M2,competitor_count,19.2071
com.labpixies.flood,109,M2,category_rank,35.9129
com.labpixies.flood,109,M2,market_trend,0.6974
com.labpixies.flood,109,M2,rank_volatility_7d,-0.033
com.labpixies.flood,109,M2,media_coverage,-0.1956
com.labpixies.flood,110,M2,stickiness,-0.1201
com.labpixies.flood,110,M2,dau,-0.0213
com.labpixies.flood,110,M2,crash_rate,0.2349
com.labpixies.flood,110,M2,mau,-0.0004
com.labpixies.flood,110,M2,competitor_count,19.6426
com.labpixies.flood,110,M2,category_rank,35.9129
com.labpixies.flood,110,M2,market_trend,0.6974
com.labpixies.flood,110,M2,rank_volatility_7d,-0.0766
com.labpixies.flood,110,M2,media_coverage,0.0014
com.google.flood2,1,M2,stickiness,21.6015
com.google.flood2,1,M2,dau,2.5653
com.google.flood2,1,M2,crash_rate,-0.3918
com.google.flood2,1,M2,mau,-4.3799
com.google.flood2,1,M2,competitor_count,-2.8648
com.google.flood2,1,M2,category_rank,-2.1641
com.google.flood2,1,M2,market_trend,0.1654
com.google.flood2,1,M2,rank_volatility_7d,0.0292
com.google.flood2,1,M2,media_coverage,31.0177
com.google.flood2,2,M2,stickiness,10.3234
com.google.flood2,2,M2,dau,2.0409
com.google.flood2,2,M2,crash_rate,-0.516
com.google.flood2,2,M2,mau,-3.6835
com.google.flood2,2,M2,competitor_count,-2.6053
com.google.flood2,2,M2,category_rank,-2.1641
com.google.flood2,2,M2,market_trend,-0.0271
com.google.flood2,2,M2,rank_volatility_7d,-0.0089
com.google.flood2,2,M2,media_coverage,4.4148
com.google.flood2,3,M2,stickiness,5.4328
com.google.flood2,3,M2,dau,1.248
com.google.flood2,3,M2,crash_rate,-0.4896
com.google.flood2,3,M2,mau,-3.1607
com.google.flood2,3,M2,competitor_count,-2.4573
com.google.flood2,3,M2,category_rank,-2.1641
com.google.flood2,3,M2,market_trend,-1.0435
com.google.flood2,3,M2,rank_volatility_7d,-0.0636
com.google.flood2,3,M2,media_coverage,1.2609
com.google.flood2,4,M2,stickiness,2.4874
com.google.flood2,4,M2,dau,0.2796
com.google.flood2,4,M2,crash_rate,-0.2845
com.google.flood2,4,M2,mau,-2.7347
com.google.flood2,4,M2,competitor_count,-2.3671
com.google.flood2,4,M2,category_rank,-2.1641
com.google.flood2,4,M2,market_trend,-0.7721
com.google.flood2,4,M2,rank_volatility_7d,-0.1296
com.google.flood2,4,M2,media_coverage,0.0392
com.google.flood2,5,M2,stickiness,1.8661
com.google.flood2,5,M2,dau,0.4002
com.google.flood2,5,M2,crash_rate,-0.5054
com.google.flood2,5,M2,mau,-2.3996
com.google.flood2,5,M2,competitor_count,-2.2348
com.google.flood2,5,M2,category_rank,-2.1641
com.google.flood2,5,M2,market_trend,0.1654
com.google.flood2,5,M2,rank_volatility_7d,-0.1933
com.google.flood2,5,M2,media_coverage,-0.0075
com.google.flood2,6,M2,stickiness,11.1285
com.google.flood2,6,M2,dau,111.2575
com.google.flood2,6,M2,crash_rate,-0.3168
com.google.flood2,6,M2,mau,-0.6522
com.google.flood2,6,M2,competitor_count,-2.0311
com.google.flood2,6,M2,category_rank,-2.1641
com.google.flood2,6,M2,market_trend,-0.7721
com.google.flood2,6,M2,rank_volatility_7d,-0.2515
com.google.flood2,6,M2,media_coverage,0.0466
com.google.flood2,7,M2,stickiness,5.6435
com.google.flood2,7,M2,dau,99.8827
com.google.flood2,7,M2,crash_rate,-1.1741
com.google.flood2,7,M2,mau,-0.1624
com.google.flood2,7,M2,competitor_count,-1.8608
com.google.flood2,7,M2,category_rank,-2.1641
com.google.flood2,7,M2,market_trend,-1.7086
com.google.flood2,7,M2,rank_volatility_7d,-1.6222
com.google.flood2,7,M2,media_coverage,0.0264
com.google.flood2,8,M2,stickiness,-0.6716
com.google.flood2,8,M2,dau,-6.9582
com.google.flood2,8,M2,crash_rate,0.0272
com.google.flood2,8,M2,mau,-0.121
com.google.flood2,8,M2,competitor_count,-1.6754
com.google.flood2,8,M2,category_rank,-1.5821
com.google.flood2,8,M2,market_trend,-1.3556
com.google.flood2,8,M2,rank_volatility_7d,-0.2515
com.google.flood2,8,M2,media_coverage,-0.0109
com.google.flood2,9,M2,stickiness,-0.6108
com.google.flood2,9,M2,dau,-5.9059
com.google.flood2,9,M2,crash_rate,-0.0474
com.google.flood2,9,M2,mau,-0.0863
com.google.flood2,9,M2,competitor_count,-1.5426
com.google.flood2,9,M2,category_rank,-1.5821
com.google.flood2,9,M2,market_trend,-1.0435
com.google.flood2,9,M2,rank_volatility_7d,-0.0766
com.google.flood2,9,M2,media_coverage,0.1283
com.google.flood2,10,M2,stickiness,-0.5296
com.google.flood2,10,M2,dau,-4.5626
com.google.flood2,10,M2,crash_rate,-0.0659
com.google.flood2,10,M2,mau,-0.0521
com.google.flood2,10,M2,competitor_count,-1.381
com.google.flood2,10,M2,category_rank,-1.5821
com.google.flood2,10,M2,market_trend,-1.0435
com.google.flood2,10,M2,rank_volatility_7d,-0.033
com.google.flood2,10,M2,media_coverage,-0.0308
com.google.flood2,11,M2,stickiness,-0.5284
com.google.flood2,11,M2,dau,-4.2717
com.google.flood2,11,M2,crash_rate,-0.2197
com.google.flood2,11,M2,mau,-0.028
com.google.flood2,11,M2,competitor_count,-1.2937
com.google.flood2,11,M2,category_rank,-1.5821
com.google.flood2,11,M2,market_trend,0.4793
com.google.flood2,11,M2,rank_volatility_7d,-0.033
com.google.flood2,11,M2,media_coverage,-0.0608
com.google.flood2,12,M2,stickiness,-0.6541
com.google.flood2,12,M2,dau,-5.6562
com.google.flood2,12,M2,crash_rate,-0.0022
com.google.flood2,12,M2,mau,-0.0139
com.google.flood2,12,M2,competitor_count,-1.2091
com.google.flood2,12,M2,category_rank,-1.0911
com.google.flood2,12,M2,market_trend,0.0696
com.google.flood2,12,M2,rank_volatility_7d,0.0185
com.google.flood2,12,M2,media_coverage,-0.0524
com.google.flood2,13,M2,stickiness,2.5971
com.google.flood2,13,M2,dau,107.9963
com.google.flood2,13,M2,crash_rate,-1.3356
com.google.flood2,13,M2,mau,0.0733
com.google.flood2,13,M2,competitor_count,-1.0846
com.google.flood2,13,M2,category_rank,-1.0911
com.google.flood2,13,M2,market_trend,-1.3556
com.google.flood2,13,M2,rank_volatility_7d,0.0185
com.google.flood2,13,M2,media_coverage,-0.0373
com.google.flood2,14,M2,stickiness,1.5125
com.google.flood2,14,M2,dau,95.0991
com.google.flood2,14,M2,crash_rate,-1.2951
com.google.flood2,14,M2,mau,0.3218
com.google.flood2,14,M2,competitor_count,-0.9499
com.google.flood2,14,M2,category_rank,-1.0911
com.google.flood2,14,M2,market_trend,-2.1023
com.google.flood2,14,M2,rank_volatility_7d,-0.033
com.google.flood2,14,M2,media_coverage,0.0014
com.google.flood2,15,M2,stickiness,-0.9119
com.google.flood2,15,M2,dau,-6.4213
com.google.flood2,15,M2,crash_rate,-0.0021
com.google.flood2,15,M2,mau,0.3635
com.google.flood2,15,M2,competitor_count,-0.767
com.google.flood2,15,M2,category_rank,-0.6911
com.google.flood2,15,M2,market_trend,-1.0435
com.google.flood2,15,M2,rank_volatility_7d,0.0732
com.google.flood2,15,M2,media_coverage,-0.2283
com.google.flood2,16,M2,stickiness,1.0342
com.google.flood2,16,M2,dau,99.8827
com.google.flood2,16,M2,crash_rate,-1.1419
com.google.flood2,16,M2,mau,0.8488
com.google.flood2,16,M2,competitor_count,-0.6733
com.google.flood2,16,M2,category_rank,-0.6911
com.google.flood2,16,M2,market_trend,-1.0435
com.google.flood2,16,M2,rank_volatility_7d,0.1555
com.google.flood2,16,M2,media_coverage,0.1158
com.google.flood2,17,M2,stickiness,-0.7337
com.google.flood2,17,M2,dau,-2.7275
com.google.flood2,17,M2,crash_rate,-0.3108
com.google.flood2,17,M2,mau,0.958
com.google.flood2,17,M2,competitor_count,-0.5857
com.google.flood2,17,M2,category_rank,-0.6911
com.google.flood2,17,M2,market_trend,0.0146
com.google.flood2,17,M2,rank_volatility_7d,0.0732
com.google.flood2,17,M2,media_coverage,-0.6367
com.google.flood2,18,M2,stickiness,0.7396
com.google.flood2,18,M2,dau,109.078
com.google.flood2,18,M2,crash_rate,-1.4307
com.google.flood2,18,M2,mau,1.6828
com.google.flood2,18,M2,competitor_count,-0.5251
com.google.flood2,18,M2,category_rank,-0.6911
com.google.flood2,18,M2,market_trend,-0.5415
com.google.flood2,18,M2,rank_volatility_7d,-0.033
com.google.flood2,18,M2,media_coverage,-0.0608
com.google.flood2,19,M2,stickiness,0.4661
com.google.flood2,19,M2,dau,104.7837
com.google.flood2,19,M2,crash_rate,-1.2114
com.google.flood2,19,M2,mau,2.5183
com.google.flood2,19,M2,competitor_count,-0.4138
com.google.flood2,19,M2,category_rank,-0.6911
com.google.flood2,19,M2,market_trend,-0.7721
com.google.flood2,19,M2,rank_volatility_7d,-0.0766
com.google.flood2,19,M2,media_coverage,0.0014
com.google.flood2,20,M2,stickiness,-0.9282
com.google.flood2,20,M2,dau,-3.5864
com.google.flood2,20,M2,crash_rate,-0.1587
com.google.flood2,20,M2,mau,2.6401
com.google.flood2,20,M2,competitor_count,-0.3526
com.google.flood2,20,M2,category_rank,-0.6911
com.google.flood2,20,M2,market_trend,-0.0271
com.google.flood2,20,M2,rank_volatility_7d,-0.2515
com.google.flood2,20,M2,media_coverage,0.2504
com.google.flood2,21,M2,stickiness,-1.0263
com.google.flood2,21,M2,dau,-5.0169
com.google.flood2,21,M2,crash_rate,-0.7068
com.google.flood2,21,M2,mau,2.7725
com.google.flood2,21,M2,competitor_count,-0.2808
com.google.flood2,21,M2,category_rank,-0.382
com.google.flood2,21,M2,market_trend,-0.7721
com.google.flood2,21,M2,rank_volatility_7d,-0.2515
com.google.flood2,21,M2,media_coverage,-0.2116
com.google.flood2,22,M2,stickiness,-1.0012
com.google.flood2,22,M2,dau,-4.489
com.google.flood2,22,M2,crash_rate,-0.044
com.google.flood2,22,M2,mau,2.9238
com.google.flood2,22,M2,competitor_count,-0.2253
com.google.flood2,22,M2,category_rank,-0.382
com.google.flood2,22,M2,market_trend,-0.0271
com.google.flood2,22,M2,rank_volatility_7d,-0.0766
com.google.flood2,22,M2,media_coverage,0.2504
com.google.flood2,23,M2,stickiness,-1.0355
com.google.flood2,23,M2,dau,-4.9397
com.google.flood2,23,M2,crash_rate,-0.3247
com.google.flood2,23,M2,mau,3.0751
com.google.flood2,23,M2,competitor_count,-0.1479
com.google.flood2,23,M2,category_rank,-0.1639
com.google.flood2,23,M2,market_trend,0.3019
com.google.flood2,23,M2,rank_volatility_7d,0.1113
com.google.flood2,23,M2,media_coverage,-0.0524
com.google.flood2,24,M2,stickiness,-1.0497
com.google.flood2,24,M2,dau,-5.0948
com.google.flood2,24,M2,crash_rate,-0.332
com.google.flood2,24,M2,mau,3.1931
com.google.flood2,24,M2,competitor_count,-0.1104
com.google.flood2,24,M2,category_rank,-0.1639
com.google.flood2,24,M2,market_trend,-2.5369
com.google.flood2,24,M2,rank_volatility_7d,0.3185
com.google.flood2,24,M2,media_coverage,0.0031
com.google.flood2,25,M2,stickiness,-0.8942
com.google.flood2,25,M2,dau,-2.6144
com.google.flood2,25,M2,crash_rate,-0.5334
com.google.flood2,25,M2,mau,3.347
com.google.flood2,25,M2,competitor_count,-0.08
com.google.flood2,25,M2,category_rank,-0.1639
com.google.flood2,25,M2,market_trend,-0.0945
com.google.flood2,25,M2,rank_volatility_7d,0.3185
com.google.flood2,25,M2,media_coverage,-0.3212
com.google.flood2,26,M2,stickiness,-0.9732
com.google.flood2,26,M2,dau,-3.6522
com.google.flood2,26,M2,crash_rate,-0.9317
com.google.flood2,26,M2,mau,3.4915
com.google.flood2,26,M2,competitor_count,-0.0558
com.google.flood2,26,M2,category_rank,-0.1639
com.google.flood2,26,M2,market_trend,-0.0271
com.google.flood2,26,M2,rank_volatility_7d,0.1113
com.google.flood2,26,M2,media_coverage,-0.3417
com.google.flood2,27,M2,stickiness,-1.0985
com.google.flood2,27,M2,dau,-5.6562
com.google.flood2,27,M2,crash_rate,-0.7158
com.google.flood2,27,M2,mau,3.6172
com.google.flood2,27,M2,competitor_count,-0.0328
com.google.flood2,27,M2,category_rank,-0.0367
com.google.flood2,27,M2,market_trend,0.0146
com.google.flood2,27,M2,rank_volatility_7d,0.0185
com.google.flood2,27,M2,media_coverage,0.0725
com.google.flood2,28,M2,stickiness,-1.0612
com.google.flood2,28,M2,dau,-4.9397
com.google.flood2,28,M2,crash_rate,-0.6705
com.google.flood2,28,M2,mau,3.7096
com.google.flood2,28,M2,competitor_count,-0.0137
com.google.flood2,28,M2,category_rank,-0.0367
com.google.flood2,28,M2,market_trend,-0.0945
com.google.flood2,28,M2,rank_volatility_7d,0.0185
com.google.flood2,28,M2,media_coverage,0.1413
com.google.flood2,29,M2,stickiness,-1.1293
com.google.flood2,29,M2,dau,-6.0753
com.google.flood2,29,M2,crash_rate,-0.3085
com.google.flood2,29,M2,mau,3.8391
com.google.flood2,29,M2,competitor_count,-0.0068
com.google.flood2,29,M2,category_rank,-0.0367
com.google.flood2,29,M2,market_trend,0.1654
com.google.flood2,29,M2,rank_volatility_7d,-0.033
com.google.flood2,29,M2,media_coverage,-0.2456
com.google.flood2,30,M2,stickiness,-1.1106
com.google.flood2,30,M2,dau,-5.8221
com.google.flood2,30,M2,crash_rate,0.0396
com.google.flood2,30,M2,mau,3.6963
com.google.flood2,30,M2,competitor_count,0.0004
com.google.flood2,30,M2,category_rank,0.0552
com.google.flood2,30,M2,market_trend,0.0146
com.google.flood2,30,M2,rank_volatility_7d,0.8286
com.google.flood2,30,M2,media_coverage,-0.0373
com.google.flood2,31,M2,stickiness,-0.957
com.google.flood2,31,M2,dau,-3.3924
com.google.flood2,31,M2,crash_rate,-0.2237
com.google.flood2,31,M2,mau,3.5173
com.google.flood2,31,M2,competitor_count,0.014
com.google.flood2,31,M2,category_rank,0.4375
com.google.flood2,31,M2,market_trend,-3.0122
com.google.flood2,31,M2,rank_volatility_7d,5.902
com.google.flood2,31,M2,media_coverage,-0.9178
com.google.flood2,32,M2,stickiness,-1.1006
com.google.flood2,32,M2,dau,-5.9059
com.google.flood2,32,M2,crash_rate,-0.4767
com.google.flood2,32,M2,mau,3.305
com.google.flood2,32,M2,competitor_count,0.0272
com.google.flood2,32,M2,category_rank,0.4375
com.google.flood2,32,M2,market_trend,-0.0005
com.google.flood2,32,M2,rank_volatility_7d,8.5964
com.google.flood2,32,M2,media_coverage,-0.9178
com.google.flood2,33,M2,stickiness,-0.9341
com.google.flood2,33,M2,dau,-3.329
com.google.flood2,33,M2,crash_rate,-0.3583
com.google.flood2,33,M2,mau,3.1075
com.google.flood2,33,M2,competitor_count,0.0592
com.google.flood2,33,M2,category_rank,0.4375
com.google.flood2,33,M2,market_trend,2.8629
com.google.flood2,33,M2,rank_volatility_7d,7.908
com.google.flood2,33,M2,media_coverage,-0.4069
com.google.flood2,34,M2,stickiness,-1.1169
com.google.flood2,34,M2,dau,-6.5093
com.google.flood2,34,M2,crash_rate,-0.5794
com.google.flood2,34,M2,mau,2.8885
com.google.flood2,34,M2,competitor_count,0.0962
com.google.flood2,34,M2,category_rank,0.4375
com.google.flood2,34,M2,market_trend,-1.3556
com.google.flood2,34,M2,rank_volatility_7d,6.8262
com.google.flood2,34,M2,media_coverage,-0.2636
com.google.flood2,35,M2,stickiness,-1.0616
com.google.flood2,35,M2,dau,-5.6562
com.google.flood2,35,M2,crash_rate,0.0051
com.google.flood2,35,M2,mau,2.723
com.google.flood2,35,M2,competitor_count,0.1444
com.google.flood2,35,M2,category_rank,0.4375
com.google.flood2,35,M2,market_trend,0.4793
com.google.flood2,35,M2,rank_volatility_7d,3.7675
com.google.flood2,35,M2,media_coverage,-0.0109
com.google.flood2,36,M2,stickiness,-1.1014
com.google.flood2,36,M2,dau,-7.0498
com.google.flood2,36,M2,crash_rate,-0.4553
com.google.flood2,36,M2,mau,1.9491
com.google.flood2,36,M2,competitor_count,0.1945
com.google.flood2,36,M2,category_rank,0.4375
com.google.flood2,36,M2,market_trend,-0.0945
com.google.flood2,36,M2,rank_volatility_7d,0.0732
com.google.flood2,36,M2,media_coverage,-0.2636
com.google.flood2,37,M2,stickiness,-0.9818
com.google.flood2,37,M2,dau,-5.8221
com.google.flood2,37,M2,crash_rate,-0.2033
com.google.flood2,37,M2,mau,1.26
com.google.flood2,37,M2,competitor_count,0.2405
com.google.flood2,37,M2,category_rank,0.4375
com.google.flood2,37,M2,market_trend,1.2561
com.google.flood2,37,M2,rank_volatility_7d,-1.6222
com.google.flood2,37,M2,media_coverage,-0.09
com.google.flood2,38,M2,stickiness,-0.9021
com.google.flood2,38,M2,dau,-4.5626
com.google.flood2,38,M2,crash_rate,-0.1968
com.google.flood2,38,M2,mau,1.2807
com.google.flood2,38,M2,competitor_count,0.3041
com.google.flood2,38,M2,category_rank,0.4375
com.google.flood2,38,M2,market_trend,0.4793
com.google.flood2,38,M2,rank_volatility_7d,-1.6222
com.google.flood2,38,M2,media_coverage,-0.0373
com.google.flood2,39,M2,stickiness,-0.6026
com.google.flood2,39,M2,dau,-0.9204
com.google.flood2,39,M2,crash_rate,-0.4452
com.google.flood2,39,M2,mau,1.3519
com.google.flood2,39,M2,competitor_count,0.361
com.google.flood2,39,M2,category_rank,0.4375
com.google.flood2,39,M2,market_trend,5.7893
com.google.flood2,39,M2,rank_volatility_7d,-1.6222
com.google.flood2,39,M2,media_coverage,-0.0075
com.google.flood2,40,M2,stickiness,-0.8691
com.google.flood2,40,M2,dau,-3.9904
com.google.flood2,40,M2,crash_rate,-0.1754
com.google.flood2,40,M2,mau,1.3519
com.google.flood2,40,M2,competitor_count,0.4116
com.google.flood2,40,M2,category_rank,0.4375
com.google.flood2,40,M2,market_trend,3.9111
com.google.flood2,40,M2,rank_volatility_7d,-1.6222
com.google.flood2,40,M2,media_coverage,-1.0229
com.google.flood2,41,M2,stickiness,-0.9228
com.google.flood2,41,M2,dau,-4.7871
com.google.flood2,41,M2,crash_rate,-0.2173
com.google.flood2,41,M2,mau,1.3466
com.google.flood2,41,M2,competitor_count,0.4896
com.google.flood2,41,M2,category_rank,0.4375
com.google.flood2,41,M2,market_trend,-0.7721
com.google.flood2,41,M2,rank_volatility_7d,-1.6222
com.google.flood2,41,M2,media_coverage,-0.0011
com.google.flood2,42,M2,stickiness,-0.8897
com.google.flood2,42,M2,dau,-4.2717
com.google.flood2,42,M2,crash_rate,-0.4935
com.google.flood2,42,M2,mau,1.3653
com.google.flood2,42,M2,competitor_count,0.5439
com.google.flood2,42,M2,category_rank,0.4375
com.google.flood2,42,M2,market_trend,0.0696
com.google.flood2,42,M2,rank_volatility_7d,-1.6222
com.google.flood2,42,M2,media_coverage,-0.1377
com.google.flood2,43,M2,stickiness,-0.8779
com.google.flood2,43,M2,dau,-4.9397
com.google.flood2,43,M2,crash_rate,-0.4241
com.google.flood2,43,M2,mau,0.7988
com.google.flood2,43,M2,competitor_count,0.633
com.google.flood2,43,M2,category_rank,0.4375
com.google.flood2,43,M2,market_trend,-0.0271
com.google.flood2,43,M2,rank_volatility_7d,-1.6222
com.google.flood2,43,M2,media_coverage,10.4938
com.google.flood2,44,M2,stickiness,-0.8727
com.google.flood2,44,M2,dau,-5.9903
com.google.flood2,44,M2,crash_rate,-0.3441
com.google.flood2,44,M2,mau,0.3127
com.google.flood2,44,M2,competitor_count,0.7289
com.google.flood2,44,M2,category_rank,0.4375
com.google.flood2,44,M2,market_trend,-0.0945
com.google.flood2,44,M2,rank_volatility_7d,-1.6222
com.google.flood2,44,M2,media_coverage,-0.3013
com.google.flood2,45,M2,stickiness,-0.7364
com.google.flood2,45,M2,dau,-4.0598
com.google.flood2,45,M2,crash_rate,-0.4124
com.google.flood2,45,M2,mau,0.3192
com.google.flood2,45,M2,competitor_count,0.821
com.google.flood2,45,M2,category_rank,0.7651
com.google.flood2,45,M2,market_trend,1.9779
com.google.flood2,45,M2,rank_volatility_7d,-0.2515
com.google.flood2,45,M2,media_coverage,-0.4778
com.google.flood2,46,M2,stickiness,-0.4432
com.google.flood2,46,M2,dau,-1.9375
com.google.flood2,46,M2,crash_rate,-0.5636
com.google.flood2,46,M2,mau,0.0311
com.google.flood2,46,M2,competitor_count,0.8799
com.google.flood2,46,M2,category_rank,0.7651
com.google.flood2,46,M2,market_trend,4.4963
com.google.flood2,46,M2,rank_volatility_7d,-0.0766
com.google.flood2,46,M2,media_coverage,-0.3212
com.google.flood2,47,M2,stickiness,-0.3947
com.google.flood2,47,M2,dau,-1.4026
com.google.flood2,47,M2,crash_rate,-0.0164
com.google.flood2,47,M2,mau,0.0375
com.google.flood2,47,M2,competitor_count,0.9751
com.google.flood2,47,M2,category_rank,0.7651
com.google.flood2,47,M2,market_trend,5.7893
com.google.flood2,47,M2,rank_volatility_7d,-0.033
com.google.flood2,47,M2,media_coverage,-0.1956
com.google.flood2,48,M2,stickiness,-0.4564
com.google.flood2,48,M2,dau,-3.8533
com.google.flood2,48,M2,crash_rate,-0.5352
com.google.flood2,48,M2,mau,-0.0733
com.google.flood2,48,M2,competitor_count,1.0631
com.google.flood2,48,M2,category_rank,0.7651
com.google.flood2,48,M2,market_trend,-0.0005
com.google.flood2,48,M2,rank_volatility_7d,-0.033
com.google.flood2,48,M2,media_coverage,-0.0608
com.google.flood2,49,M2,stickiness,-0.2828
com.google.flood2,49,M2,dau,-5.9903
com.google.flood2,49,M2,crash_rate,0.0005
com.google.flood2,49,M2,mau,-1.0812
com.google.flood2,49,M2,competitor_count,1.1737
com.google.flood2,49,M2,category_rank,1.1836
com.google.flood2,49,M2,market_trend,-0.0945
com.google.flood2,49,M2,rank_volatility_7d,0.0185
com.google.flood2,49,M2,media_coverage,-0.0011
com.google.flood2,50,M2,stickiness,-0.1843
com.google.flood2,50,M2,dau,-4.5626
com.google.flood2,50,M2,crash_rate,-0.1327
com.google.flood2,50,M2,mau,-1.0598
com.google.flood2,50,M2,competitor_count,1.3231
com.google.flood2,50,M2,category_rank,1.1836
com.google.flood2,50,M2,market_trend,0.3019
com.google.flood2,50,M2,rank_volatility_7d,0.0185
com.google.flood2,50,M2,media_coverage,0.0325
com.google.flood2,51,M2,stickiness,-0.0277
com.google.flood2,51,M2,dau,-1.7957
com.google.flood2,51,M2,crash_rate,-0.3988
com.google.flood2,51,M2,mau,-1.0246
com.google.flood2,51,M2,competitor_count,1.4672
com.google.flood2,51,M2,category_rank,1.1836
com.google.flood2,51,M2,market_trend,0.3019
com.google.flood2,51,M2,rank_volatility_7d,-0.033
com.google.flood2,51,M2,media_coverage,-0.1654
com.google.flood2,52,M2,stickiness,-0.0066
com.google.flood2,52,M2,dau,-1.1303
com.google.flood2,52,M2,crash_rate,-0.2877
com.google.flood2,52,M2,mau,-0.9992
com.google.flood2,52,M2,competitor_count,1.5457
com.google.flood2,52,M2,category_rank,1.1836
com.google.flood2,52,M2,market_trend,0.0696
com.google.flood2,52,M2,rank_volatility_7d,-0.033
com.google.flood2,52,M2,media_coverage,-0.0075
com.google.flood2,53,M2,stickiness,-0.001
com.google.flood2,53,M2,dau,-0.6183
com.google.flood2,53,M2,crash_rate,-0.2955
com.google.flood2,53,M2,mau,-0.8876
com.google.flood2,53,M2,competitor_count,1.6635
com.google.flood2,53,M2,category_rank,1.1836
com.google.flood2,53,M2,market_trend,0.3019
com.google.flood2,53,M2,rank_volatility_7d,-0.0766
com.google.flood2,53,M2,media_coverage,-0.1802
com.google.flood2,54,M2,stickiness,-0.0478
com.google.flood2,54,M2,dau,-1.7957
com.google.flood2,54,M2,crash_rate,-0.1208
com.google.flood2,54,M2,mau,-0.8725
com.google.flood2,54,M2,competitor_count,1.7934
com.google.flood2,54,M2,category_rank,1.1836
com.google.flood2,54,M2,market_trend,2.8629
com.google.flood2,54,M2,rank_volatility_7d,-0.2515
com.google.flood2,54,M2,media_coverage,-0.0149
com.google.flood2,55,M2,stickiness,-0.0241
com.google.flood2,55,M2,dau,-1.2823
com.google.flood2,55,M2,crash_rate,-0.3677
com.google.flood2,55,M2,mau,-0.8596
com.google.flood2,55,M2,competitor_count,1.9121
com.google.flood2,55,M2,category_rank,1.1836
com.google.flood2,55,M2,market_trend,0.4793
com.google.flood2,55,M2,rank_volatility_7d,-1.6222
com.google.flood2,55,M2,media_coverage,0.1999
com.google.flood2,56,M2,stickiness,-0.0814
com.google.flood2,56,M2,dau,-2.4492
com.google.flood2,56,M2,crash_rate,-0.0162
com.google.flood2,56,M2,mau,-0.8941
com.google.flood2,56,M2,competitor_count,2.0679
com.google.flood2,56,M2,category_rank,1.6931
com.google.flood2,56,M2,market_trend,-0.2027
com.google.flood2,56,M2,rank_volatility_7d,-0.2515
com.google.flood2,56,M2,media_coverage,0.1693
com.google.flood2,57,M2,stickiness,-0.0566
com.google.flood2,57,M2,dau,-1.8897
com.google.flood2,57,M2,crash_rate,-0.0215
com.google.flood2,57,M2,mau,-0.849
com.google.flood2,57,M2,competitor_count,2.2038
com.google.flood2,57,M2,category_rank,2.2936
com.google.flood2,57,M2,market_trend,0.4793
com.google.flood2,57,M2,rank_volatility_7d,0.1113
com.google.flood2,57,M2,media_coverage,-0.4299
com.google.flood2,58,M2,stickiness,-0.1931
com.google.flood2,58,M2,dau,-3.8533
com.google.flood2,58,M2,crash_rate,-0.0064
com.google.flood2,58,M2,mau,-0.8113
com.google.flood2,58,M2,competitor_count,2.443
com.google.flood2,58,M2,category_rank,2.2936
com.google.flood2,58,M2,market_trend,-0.5415
com.google.flood2,58,M2,rank_volatility_7d,0.4483
com.google.flood2,58,M2,media_coverage,-0.6654
com.google.flood2,59,M2,stickiness,-0.2681
com.google.flood2,59,M2,dau,-4.8631
com.google.flood2,59,M2,crash_rate,-0.0143
com.google.flood2,59,M2,mau,-0.8092
com.google.flood2,59,M2,competitor_count,2.5906
com.google.flood2,59,M2,category_rank,3.7673
com.google.flood2,59,M2,market_trend,0.3019
com.google.flood2,59,M2,rank_volatility_7d,3.1775
com.google.flood2,59,M2,media_coverage,-0.101
com.google.flood2,60,M2,stickiness,-0.139
com.google.flood2,60,M2,dau,-2.9609
com.google.flood2,60,M2,crash_rate,-0.0427
com.google.flood2,60,M2,mau,-0.7745
com.google.flood2,60,M2,competitor_count,2.8395
com.google.flood2,60,M2,category_rank,4.6406
com.google.flood2,60,M2,market_trend,2.4
com.google.flood2,60,M2,rank_volatility_7d,6.96
com.google.flood2,60,M2,media_coverage,-0.6367
com.google.flood2,61,M2,stickiness,-0.1144
com.google.flood2,61,M2,dau,-2.5587
com.google.flood2,61,M2,crash_rate,-0.0645
com.google.flood2,61,M2,mau,-0.7624
com.google.flood2,61,M2,competitor_count,2.9683
com.google.flood2,61,M2,category_rank,4.6406
com.google.flood2,61,M2,market_trend,1.9779
com.google.flood2,61,M2,rank_volatility_7d,7.6352
com.google.flood2,61,M2,media_coverage,-0.5812
com.google.flood2,62,M2,stickiness,-0.0625
com.google.flood2,62,M2,dau,-1.7042
com.google.flood2,62,M2,crash_rate,-0.0806
com.google.flood2,62,M2,mau,-0.7484
com.google.flood2,62,M2,competitor_count,3.3186
com.google.flood2,62,M2,category_rank,5.6048
com.google.flood2,62,M2,market_trend,0.3019
com.google.flood2,62,M2,rank_volatility_7d,6.8262
com.google.flood2,62,M2,media_coverage,-0.4299
com.google.flood2,63,M2,stickiness,-0.2018
com.google.flood2,63,M2,dau,-3.8533
com.google.flood2,63,M2,crash_rate,0.0188
com.google.flood2,63,M2,mau,-0.7765
com.google.flood2,63,M2,competitor_count,3.5557
com.google.flood2,63,M2,category_rank,6.66
com.google.flood2,63,M2,market_trend,0.0696
com.google.flood2,63,M2,rank_volatility_7d,6.8262
com.google.flood2,63,M2,media_coverage,-0.0002
com.google.flood2,64,M2,stickiness,-0.2235
com.google.flood2,64,M2,dau,-4.2005
com.google.flood2,64,M2,crash_rate,-0.0581
com.google.flood2,64,M2,mau,-0.7907
com.google.flood2,64,M2,competitor_count,3.8579
com.google.flood2,64,M2,category_rank,7.8062
com.google.flood2,64,M2,market_trend,0.4793
com.google.flood2,64,M2,rank_volatility_7d,7.6352
com.google.flood2,64,M2,media_coverage,1.0327
com.google.flood2,65,M2,stickiness,-0.1341
com.google.flood2,65,M2,dau,-2.9017
com.google.flood2,65,M2,crash_rate,-0.0044
com.google.flood2,65,M2,mau,-0.7785
com.google.flood2,65,M2,competitor_count,4.1842
com.google.flood2,65,M2,category_rank,9.0433
com.google.flood2,65,M2,market_trend,0.9563
com.google.flood2,65,M2,rank_volatility_7d,5.7718
com.google.flood2,65,M2,media_coverage,-0.3845
com.google.flood2,66,M2,stickiness,-0.2098
com.google.flood2,66,M2,dau,-3.9216
com.google.flood2,66,M2,crash_rate,0.0024
com.google.flood2,66,M2,mau,-0.7644
com.google.flood2,66,M2,competitor_count,4.4377
com.google.flood2,66,M2,category_rank,9.0433
com.google.flood2,66,M2,market_trend,1.9779
com.google.flood2,66,M2,rank_volatility_7d,5.129
com.google.flood2,66,M2,media_coverage,-0.3212
com.google.flood2,67,M2,stickiness,-0.025
com.google.flood2,67,M2,dau,-0.9204
com.google.flood2,67,M2,crash_rate,-0.0021
com.google.flood2,67,M2,mau,-0.7033
com.google.flood2,67,M2,competitor_count,4.6233
com.google.flood2,67,M2,category_rank,9.0433
com.google.flood2,67,M2,market_trend,5.7893
com.google.flood2,67,M2,rank_volatility_7d,4.1308
com.google.flood2,67,M2,media_coverage,-0.2456
com.google.flood2,68,M2,stickiness,-0.0546
com.google.flood2,68,M2,dau,-1.3619
com.google.flood2,68,M2,crash_rate,-0.0844
com.google.flood2,68,M2,mau,-0.6728
com.google.flood2,68,M2,competitor_count,4.7999
com.google.flood2,68,M2,category_rank,9.0433
com.google.flood2,68,M2,market_trend,7.2454
com.google.flood2,68,M2,rank_volatility_7d,1.4603
com.google.flood2,68,M2,media_coverage,-0.1248
com.google.flood2,69,M2,stickiness,-0.1975
com.google.flood2,69,M2,dau,-3.5864
com.google.flood2,69,M2,crash_rate,0.0008
com.google.flood2,69,M2,mau,-0.7169
com.google.flood2,69,M2,competitor_count,5.058
com.google.flood2,69,M2,category_rank,9.0433
com.google.flood2,69,M2,market_trend,0.0146
com.google.flood2,69,M2,rank_volatility_7d,0.1113
com.google.flood2,69,M2,media_coverage,-0.1802
com.google.flood2,70,M2,stickiness,-0.141
com.google.flood2,70,M2,dau,-2.785
com.google.flood2,70,M2,crash_rate,-0.1144
com.google.flood2,70,M2,mau,-0.713
com.google.flood2,70,M2,competitor_count,5.2694
com.google.flood2,70,M2,category_rank,9.0433
com.google.flood2,70,M2,market_trend,0.0696
com.google.flood2,70,M2,rank_volatility_7d,-0.2515
com.google.flood2,70,M2,media_coverage,0.0161
com.google.flood2,71,M2,stickiness,-0.1152
com.google.flood2,71,M2,dau,-2.4492
com.google.flood2,71,M2,crash_rate,0.0169
com.google.flood2,71,M2,mau,-0.7247
com.google.flood2,71,M2,competitor_count,5.5397
com.google.flood2,71,M2,category_rank,9.0433
com.google.flood2,71,M2,market_trend,0.1654
com.google.flood2,71,M2,rank_volatility_7d,-1.6222
com.google.flood2,71,M2,media_coverage,-0.0524
com.google.flood2,72,M2,stickiness,-0.1823
com.google.flood2,72,M2,dau,-3.5211
com.google.flood2,72,M2,crash_rate,-0.01
com.google.flood2,72,M2,mau,-0.7584
com.google.flood2,72,M2,competitor_count,5.8589
com.google.flood2,72,M2,category_rank,9.0433
com.google.flood2,72,M2,market_trend,-0.2027
com.google.flood2,72,M2,rank_volatility_7d,-1.6222
com.google.flood2,72,M2,media_coverage,-0.1377
com.google.flood2,73,M2,stickiness,-0.0057
com.google.flood2,73,M2,dau,-0.4897
com.google.flood2,73,M2,crash_rate,-0.2802
com.google.flood2,73,M2,mau,-0.7091
com.google.flood2,73,M2,competitor_count,6.0719
com.google.flood2,73,M2,category_rank,9.0433
com.google.flood2,73,M2,market_trend,0.6974
com.google.flood2,73,M2,rank_volatility_7d,-1.6222
com.google.flood2,73,M2,media_coverage,-0.0026
com.google.flood2,74,M2,stickiness,-0.066
com.google.flood2,74,M2,dau,-1.5713
com.google.flood2,74,M2,crash_rate,-0.1942
com.google.flood2,74,M2,mau,-0.6823
com.google.flood2,74,M2,competitor_count,6.2159
com.google.flood2,74,M2,category_rank,9.0433
com.google.flood2,74,M2,market_trend,0.6974
com.google.flood2,74,M2,rank_volatility_7d,-1.6222
com.google.flood2,74,M2,media_coverage,-0.6087
com.google.flood2,75,M2,stickiness,-0.0695
com.google.flood2,75,M2,dau,-1.615
com.google.flood2,75,M2,crash_rate,-0.2356
com.google.flood2,75,M2,mau,-0.6785
com.google.flood2,75,M2,competitor_count,6.4648
com.google.flood2,75,M2,category_rank,9.0433
com.google.flood2,75,M2,market_trend,1.9779
com.google.flood2,75,M2,rank_volatility_7d,-1.6222
com.google.flood2,75,M2,media_coverage,0.0264
com.google.flood2,76,M2,stickiness,-0.0158
com.google.flood2,76,M2,dau,-0.6739
com.google.flood2,76,M2,crash_rate,-0.8482
com.google.flood2,76,M2,mau,-0.6766
com.google.flood2,76,M2,competitor_count,6.7638
com.google.flood2,76,M2,category_rank,10.3714
com.google.flood2,76,M2,market_trend,0.0146
com.google.flood2,76,M2,rank_volatility_7d,-0.2515
com.google.flood2,76,M2,media_coverage,0.0209
com.google.flood2,77,M2,stickiness,-0.0238
com.google.flood2,77,M2,dau,-0.8875
com.google.flood2,77,M2,crash_rate,-0.4789
com.google.flood2,77,M2,mau,-0.6995
com.google.flood2,77,M2,competitor_count,7.0079
com.google.flood2,77,M2,category_rank,11.7904
com.google.flood2,77,M2,market_trend,0.6974
com.google.flood2,77,M2,rank_volatility_7d,0.1113
com.google.flood2,77,M2,media_coverage,0.0824
com.google.flood2,78,M2,stickiness,-0.0312
com.google.flood2,78,M2,dau,-1.0227
com.google.flood2,78,M2,crash_rate,-0.4006
com.google.flood2,78,M2,mau,-0.6976
com.google.flood2,78,M2,competitor_count,7.225
com.google.flood2,78,M2,category_rank,13.3004
com.google.flood2,78,M2,market_trend,0.6974
com.google.flood2,78,M2,rank_volatility_7d,1.4603
com.google.flood2,78,M2,media_coverage,0.0031
com.google.flood2,79,M2,stickiness,-0.0129
com.google.flood2,79,M2,dau,-0.5651
com.google.flood2,79,M2,crash_rate,-0.3654
com.google.flood2,79,M2,mau,-0.6541
com.google.flood2,79,M2,competitor_count,7.6531
com.google.flood2,79,M2,category_rank,14.9013
com.google.flood2,79,M2,market_trend,4.4963
com.google.flood2,79,M2,rank_volatility_7d,4.1308
com.google.flood2,79,M2,media_coverage,0.0209
com.google.flood2,80,M2,stickiness,-0.1473
com.google.flood2,80,M2,dau,-2.6706
com.google.flood2,80,M2,crash_rate,-0.0664
com.google.flood2,80,M2,mau,-0.6522
com.google.flood2,80,M2,competitor_count,7.9781
com.google.flood2,80,M2,category_rank,16.5931
com.google.flood2,80,M2,market_trend,-0.3517
com.google.flood2,80,M2,rank_volatility_7d,7.3639
com.google.flood2,80,M2,media_coverage,-0.0373
com.google.flood2,81,M2,stickiness,-0.1894
com.google.flood2,81,M2,dau,-3.329
com.google.flood2,81,M2,crash_rate,-0.0
com.google.flood2,81,M2,mau,-0.6747
com.google.flood2,81,M2,competitor_count,8.2263
com.google.flood2,81,M2,category_rank,16.5931
com.google.flood2,81,M2,market_trend,0.0696
com.google.flood2,81,M2,rank_volatility_7d,7.3639
com.google.flood2,81,M2,media_coverage,0.5886
com.google.flood2,82,M2,stickiness,0.302
com.google.flood2,82,M2,dau,4.2802
com.google.flood2,82,M2,crash_rate,-0.3803
com.google.flood2,82,M2,mau,-0.372
com.google.flood2,82,M2,competitor_count,8.5122
com.google.flood2,82,M2,category_rank,16.5931
com.google.flood2,82,M2,market_trend,1.5966
com.google.flood2,82,M2,rank_volatility_7d,4.1308
com.google.flood2,82,M2,media_coverage,-0.6948
com.google.flood2,83,M2,stickiness,-0.2406
com.google.flood2,83,M2,dau,-3.0208
com.google.flood2,83,M2,crash_rate,-0.2692
com.google.flood2,83,M2,mau,-0.4123
com.google.flood2,83,M2,competitor_count,8.8375
com.google.flood2,83,M2,category_rank,18.376
com.google.flood2,83,M2,market_trend,1.9779
com.google.flood2,83,M2,rank_volatility_7d,2.3895
com.google.flood2,83,M2,media_coverage,0.0929
com.google.flood2,84,M2,stickiness,0.0491
com.google.flood2,84,M2,dau,1.9433
com.google.flood2,84,M2,crash_rate,-0.4726
com.google.flood2,84,M2,mau,-0.1775
com.google.flood2,84,M2,competitor_count,9.0811
com.google.flood2,84,M2,category_rank,18.376
com.google.flood2,84,M2,market_trend,5.1224
com.google.flood2,84,M2,rank_volatility_7d,0.8286
com.google.flood2,84,M2,media_coverage,-0.0026
com.google.flood2,85,M2,stickiness,0.0188
com.google.flood2,85,M2,dau,1.848
com.google.flood2,85,M2,crash_rate,-0.3743
com.google.flood2,85,M2,mau,-0.0932
com.google.flood2,85,M2,competitor_count,9.3281
com.google.flood2,85,M2,category_rank,20.2498
com.google.flood2,85,M2,market_trend,1.5966
com.google.flood2,85,M2,rank_volatility_7d,0.5184
com.google.flood2,85,M2,media_coverage,-0.1654
com.google.flood2,86,M2,stickiness,0.1038
com.google.flood2,86,M2,dau,5.9158
com.google.flood2,86,M2,crash_rate,-0.1599
com.google.flood2,86,M2,mau,-0.0393
com.google.flood2,86,M2,competitor_count,9.6685
com.google.flood2,86,M2,category_rank,22.2145
com.google.flood2,86,M2,market_trend,0.1654
com.google.flood2,86,M2,rank_volatility_7d,1.1778
com.google.flood2,86,M2,media_coverage,0.7637
com.google.flood2,87,M2,stickiness,0.1114
com.google.flood2,87,M2,dau,7.8156
com.google.flood2,87,M2,crash_rate,-0.4693
com.google.flood2,87,M2,mau,-0.0082
com.google.flood2,87,M2,competitor_count,9.9966
com.google.flood2,87,M2,category_rank,22.2145
com.google.flood2,87,M2,market_trend,0.0696
com.google.flood2,87,M2,rank_volatility_7d,1.7576
com.google.flood2,87,M2,media_coverage,0.0264
com.google.flood2,88,M2,stickiness,-0.0094
com.google.flood2,88,M2,dau,1.1347
com.google.flood2,88,M2,crash_rate,-0.263
com.google.flood2,88,M2,mau,0.0001
com.google.flood2,88,M2,competitor_count,10.2929
com.google.flood2,88,M2,category_rank,22.2145
com.google.flood2,88,M2,market_trend,0.1654
com.google.flood2,88,M2,rank_volatility_7d,1.4603
com.google.flood2,88,M2,media_coverage,1.9313
com.google.flood2,89,M2,stickiness,-0.0873
com.google.flood2,89,M2,dau,0.0551
com.google.flood2,89,M2,crash_rate,0.0067
com.google.flood2,89,M2,mau,0.0036
com.google.flood2,89,M2,competitor_count,10.5745
com.google.flood2,89,M2,category_rank,22.2145
com.google.flood2,89,M2,market_trend,2.8629
com.google.flood2,89,M2,rank_volatility_7d,0.4483
com.google.flood2,89,M2,media_coverage,0.6444
com.google.flood2,90,M2,stickiness,-0.0172
com.google.flood2,90,M2,dau,1.8012
com.google.flood2,90,M2,crash_rate,-0.5531
com.google.flood2,90,M2,mau,0.0459
com.google.flood2,90,M2,competitor_count,10.9368
com.google.flood2,90,M2,category_rank,24.2702
com.google.flood2,90,M2,market_trend,0.0146
com.google.flood2,90,M2,rank_volatility_7d,0.4483
com.google.flood2,90,M2,media_coverage,0.2161
com.google.flood2,91,M2,stickiness,-0.076
com.google.flood2,91,M2,dau,0.5424
com.google.flood2,91,M2,crash_rate,-0.4457
com.google.flood2,91,M2,mau,0.0783
com.google.flood2,91,M2,competitor_count,11.3051
com.google.flood2,91,M2,category_rank,24.2702
com.google.flood2,91,M2,market_trend,-0.3517
com.google.flood2,91,M2,rank_volatility_7d,0.0185
com.google.flood2,91,M2,media_coverage,0.7951
com.google.flood2,92,M2,stickiness,-0.2466
com.google.flood2,92,M2,dau,-0.0809
com.google.flood2,92,M2,crash_rate,-0.078
com.google.flood2,92,M2,mau,0.1282
com.google.flood2,92,M2,competitor_count,11.6597
com.google.flood2,92,M2,category_rank,24.2702
com.google.flood2,92,M2,market_trend,1.2561
com.google.flood2,92,M2,rank_volatility_7d,-0.033
com.google.flood2,92,M2,media_coverage,1.2609
com.google.flood2,93,M2,stickiness,-0.0887
com.google.flood2,93,M2,dau,0.7654
com.google.flood2,93,M2,crash_rate,-0.3503
com.google.flood2,93,M2,mau,0.1755
com.google.flood2,93,M2,competitor_count,12.141
com.google.flood2,93,M2,category_rank,26.4168
com.google.flood2,93,M2,market_trend,1.5966
com.google.flood2,93,M2,rank_volatility_7d,0.0732
com.google.flood2,93,M2,media_coverage,-0.0109
com.google.flood2,94,M2,stickiness,-0.3991
com.google.flood2,94,M2,dau,-0.7923
com.google.flood2,94,M2,crash_rate,-0.0098
com.google.flood2,94,M2,mau,0.1974
com.google.flood2,94,M2,competitor_count,12.7148
com.google.flood2,94,M2,category_rank,30.9829
com.google.flood2,94,M2,market_trend,0.3019
com.google.flood2,94,M2,rank_volatility_7d,2.3895
com.google.flood2,94,M2,media_coverage,0.6444
com.google.flood2,95,M2,stickiness,-0.1605
com.google.flood2,95,M2,dau,0.4002
com.google.flood2,95,M2,crash_rate,-0.0943
com.google.flood2,95,M2,mau,0.3704
com.google.flood2,95,M2,competitor_count,13.0907
com.google.flood2,95,M2,category_rank,30.9829
com.google.flood2,95,M2,market_trend,1.9779
com.google.flood2,95,M2,rank_volatility_7d,3.7675
com.google.flood2,95,M2,media_coverage,-0.6948
com.google.flood2,96,M2,stickiness,-0.0636
com.google.flood2,96,M2,dau,2.6774
com.google.flood2,96,M2,crash_rate,-0.1676
com.google.flood2,96,M2,mau,0.478
com.google.flood2,96,M2,competitor_count,13.3868
com.google.flood2,96,M2,category_rank,30.9829
com.google.flood2,96,M2,market_trend,4.4963
com.google.flood2,96,M2,rank_volatility_7d,3.2939
com.google.flood2,96,M2,media_coverage,0.1413
com.google.flood2,97,M2,stickiness,-0.2235
com.google.flood2,97,M2,dau,0.1524
com.google.flood2,97,M2,crash_rate,-0.503
com.google.flood2,97,M2,mau,0.5186
com.google.flood2,97,M2,competitor_count,13.7293
com.google.flood2,97,M2,category_rank,33.4024
com.google.flood2,97,M2,market_trend,-1.3556
com.google.flood2,97,M2,rank_volatility_7d,4.2534
com.google.flood2,97,M2,media_coverage,0.0824
com.google.flood2,98,M2,stickiness,-0.0346
com.google.flood2,98,M2,dau,4.9489
com.google.flood2,98,M2,crash_rate,-0.3961
com.google.flood2,98,M2,mau,0.6263
com.google.flood2,98,M2,competitor_count,14.0543
com.google.flood2,98,M2,category_rank,33.4024
com.google.flood2,98,M2,market_trend,1.5966
com.google.flood2,98,M2,rank_volatility_7d,3.2939
com.google.flood2,98,M2,media_coverage,0.5096
com.google.flood2,99,M2,stickiness,-0.0211
com.google.flood2,99,M2,dau,7.2458
com.google.flood2,99,M2,crash_rate,-0.7538
com.google.flood2,99,M2,mau,0.807
com.google.flood2,99,M2,competitor_count,14.3611
com.google.flood2,99,M2,category_rank,33.4024
com.google.flood2,99,M2,market_trend,0.3019
com.google.flood2,99,M2,rank_volatility_7d,0.8286
com.google.flood2,99,M2,media_coverage,0.733
com.google.flood2,100,M2,stickiness,-0.1042
com.google.flood2,100,M2,dau,2.7343
com.google.flood2,100,M2,crash_rate,-0.4098
com.google.flood2,100,M2,mau,0.8723
com.google.flood2,100,M2,competitor_count,14.7827
com.google.flood2,100,M2,category_rank,33.4024
com.google.flood2,100,M2,market_trend,0.9563
com.google.flood2,100,M2,rank_volatility_7d,-0.033
com.google.flood2,100,M2,media_coverage,-0.0196
com.google.flood2,101,M2,stickiness,-0.0128
com.google.flood2,101,M2,dau,10.3101
com.google.flood2,101,M2,crash_rate,-0.4513
com.google.flood2,101,M2,mau,1.1002
com.google.flood2,101,M2,competitor_count,15.2105
com.google.flood2,101,M2,category_rank,33.4024
com.google.flood2,101,M2,market_trend,0.9563
com.google.flood2,101,M2,rank_volatility_7d,-0.0766
com.google.flood2,101,M2,media_coverage,-0.0373
com.google.flood2,102,M2,stickiness,-0.1714
com.google.flood2,102,M2,dau,1.848
com.google.flood2,102,M2,crash_rate,-0.2944
com.google.flood2,102,M2,mau,1.2216
com.google.flood2,102,M2,competitor_count,15.5984
com.google.flood2,102,M2,category_rank,33.4024
com.google.flood2,102,M2,market_trend,0.3019
com.google.flood2,102,M2,rank_volatility_7d,-0.2515
com.google.flood2,102,M2,media_coverage,-0.1956
com.google.flood2,103,M2,stickiness,-0.0074
com.google.flood2,103,M2,dau,14.0427
com.google.flood2,103,M2,crash_rate,-0.3154
com.google.flood2,103,M2,mau,1.4721
com.google.flood2,103,M2,competitor_count,16.061
com.google.flood2,103,M2,category_rank,33.4024
com.google.flood2,103,M2,market_trend,4.4963
com.google.flood2,103,M2,rank_volatility_7d,-1.6222
com.google.flood2,103,M2,media_coverage,0.0
com.google.flood2,104,M2,stickiness,-0.3573
com.google.flood2,104,M2,dau,0.1146
com.google.flood2,104,M2,crash_rate,-0.4427
com.google.flood2,104,M2,mau,1.5541
com.google.flood2,104,M2,competitor_count,16.6962
com.google.flood2,104,M2,category_rank,33.4024
com.google.flood2,104,M2,market_trend,2.8629
com.google.flood2,104,M2,rank_volatility_7d,-1.6222
com.google.flood2,104,M2,media_coverage,8.3158
com.google.flood2,105,M2,stickiness,-0.1466
com.google.flood2,105,M2,dau,3.5288
com.google.flood2,105,M2,crash_rate,-0.4562
com.google.flood2,105,M2,mau,1.6739
com.google.flood2,105,M2,competitor_count,17.2229
com.google.flood2,105,M2,category_rank,33.4024
com.google.flood2,105,M2,market_trend,2.8629
com.google.flood2,105,M2,rank_volatility_7d,-1.6222
com.google.flood2,105,M2,media_coverage,5.8626
com.google.flood2,106,M2,stickiness,-0.2541
com.google.flood2,106,M2,dau,1.2096
com.google.flood2,106,M2,crash_rate,-0.773
com.google.flood2,106,M2,mau,1.7735
com.google.flood2,106,M2,competitor_count,17.8313
com.google.flood2,106,M2,category_rank,35.9129
com.google.flood2,106,M2,market_trend,3.3666
com.google.flood2,106,M2,rank_volatility_7d,-0.2515
com.google.flood2,106,M2,media_coverage,1.512
com.google.flood2,107,M2,stickiness,0.0016
com.google.flood2,107,M2,dau,27.2297
com.google.flood2,107,M2,crash_rate,-0.6076
com.google.flood2,107,M2,mau,2.17
com.google.flood2,107,M2,competitor_count,18.2511
com.google.flood2,107,M2,category_rank,35.9129
com.google.flood2,107,M2,market_trend,10.6471
com.google.flood2,107,M2,rank_volatility_7d,-0.0766
com.google.flood2,107,M2,media_coverage,3.1719
com.google.flood2,108,M2,stickiness,-0.5517
com.google.flood2,108,M2,dau,-0.1376
com.google.flood2,108,M2,crash_rate,-0.7963
com.google.flood2,108,M2,mau,2.2798
com.google.flood2,108,M2,competitor_count,18.726
com.google.flood2,108,M2,category_rank,35.9129
com.google.flood2,108,M2,market_trend,1.5966
com.google.flood2,108,M2,rank_volatility_7d,-0.033
com.google.flood2,108,M2,media_coverage,222.7456
com.google.flood2,109,M2,stickiness,-0.4962
com.google.flood2,109,M2,dau,-0.0035
com.google.flood2,109,M2,crash_rate,-0.2424
com.google.flood2,109,M2,mau,2.3709
com.google.flood2,109,M2,competitor_count,19.2071
com.google.flood2,109,M2,category_rank,35.9129
com.google.flood2,109,M2,market_trend,0.6974
com.google.flood2,109,M2,rank_volatility_7d,-0.033
com.google.flood2,109,M2,media_coverage,-0.1956
com.google.flood2,110,M2,stickiness,-0.5909
com.google.flood2,110,M2,dau,-0.2595
com.google.flood2,110,M2,crash_rate,-0.4789
com.google.flood2,110,M2,mau,2.4315
com.google.flood2,110,M2,competitor_count,19.6426
com.google.flood2,110,M2,category_rank,35.9129
com.google.flood2,110,M2,market_trend,0.6974
com.google.flood2,110,M2,rank_volatility_7d,-0.0766
com.google.flood2,110,M2,media_coverage,0.0014
com.labpixies.flood,1,M3,stickiness,17.707
com.labpixies.flood,1,M3,dau,-5.412
com.labpixies.flood,1,M3,crash_rate,1.4713
com.labpixies.flood,1,M3,mau,-6.0267
com.labpixies.flood,1,M3,competitor_count,-2.8648
com.labpixies.flood,1,M3,category_rank,-2.1641
com.labpixies.flood,1,M3,market_trend,0.1654
com.labpixies.flood,1,M3,rank_volatility_7d,0.0292
com.labpixies.flood,1,M3,media_coverage,31.0177
com.labpixies.flood,1,M3,store_completeness,-0.674
com.labpixies.flood,2,M3,stickiness,7.7385
com.labpixies.flood,2,M3,dau,-5.5742
com.labpixies.flood,2,M3,crash_rate,28.9753
com.labpixies.flood,2,M3,mau,-5.6162
com.labpixies.flood,2,M3,competitor_count,-2.6053
com.labpixies.flood,2,M3,category_rank,-2.1641
com.labpixies.flood,2,M3,market_trend,-0.0271
com.labpixies.flood,2,M3,rank_volatility_7d,-0.0089
com.labpixies.flood,2,M3,media_coverage,4.4148
com.labpixies.flood,2,M3,store_completeness,-0.674
com.labpixies.flood,3,M3,stickiness,4.1431
com.labpixies.flood,3,M3,dau,-5.3318
com.labpixies.flood,3,M3,crash_rate,-0.0351
com.labpixies.flood,3,M3,mau,-5.2203
com.labpixies.flood,3,M3,competitor_count,-2.4573
com.labpixies.flood,3,M3,category_rank,-2.1641
com.labpixies.flood,3,M3,market_trend,-1.0435
com.labpixies.flood,3,M3,rank_volatility_7d,-0.0636
com.labpixies.flood,3,M3,media_coverage,1.2609
com.labpixies.flood,3,M3,store_completeness,-0.674
com.labpixies.flood,4,M3,stickiness,0.9995
com.labpixies.flood,4,M3,dau,-8.295
com.labpixies.flood,4,M3,crash_rate,-0.0307
com.labpixies.flood,4,M3,mau,-5.002
com.labpixies.flood,4,M3,competitor_count,-2.3671
com.labpixies.flood,4,M3,category_rank,-2.1641
com.labpixies.flood,4,M3,market_trend,-0.7721
com.labpixies.flood,4,M3,rank_volatility_7d,-0.1296
com.labpixies.flood,4,M3,media_coverage,0.0392
com.labpixies.flood,4,M3,store_completeness,-0.674
com.labpixies.flood,5,M3,stickiness,0.9953
com.labpixies.flood,5,M3,dau,-6.7768
com.labpixies.flood,5,M3,crash_rate,-0.0113
com.labpixies.flood,5,M3,mau,-4.6982
com.labpixies.flood,5,M3,competitor_count,-2.2348
com.labpixies.flood,5,M3,category_rank,-2.1641
com.labpixies.flood,5,M3,market_trend,0.1654
com.labpixies.flood,5,M3,rank_volatility_7d,-0.1933
com.labpixies.flood,5,M3,media_coverage,-0.0075
com.labpixies.flood,5,M3,store_completeness,-0.674
com.labpixies.flood,6,M3,stickiness,9.4866
com.labpixies.flood,6,M3,dau,4.0681
com.labpixies.flood,6,M3,crash_rate,1.9923
com.labpixies.flood,6,M3,mau,-3.3054
com.labpixies.flood,6,M3,competitor_count,-2.0311
com.labpixies.flood,6,M3,category_rank,-2.1641
com.labpixies.flood,6,M3,market_trend,-0.7721
com.labpixies.flood,6,M3,rank_volatility_7d,-0.2515
com.labpixies.flood,6,M3,media_coverage,0.0466
com.labpixies.flood,6,M3,store_completeness,-0.674
com.labpixies.flood,7,M3,stickiness,4.4183
com.labpixies.flood,7,M3,dau,3.3365
com.labpixies.flood,7,M3,crash_rate,3.5253
com.labpixies.flood,7,M3,mau,-2.5479
com.labpixies.flood,7,M3,competitor_count,-1.8608
com.labpixies.flood,7,M3,category_rank,-2.1641
com.labpixies.flood,7,M3,market_trend,-1.7086
com.labpixies.flood,7,M3,rank_volatility_7d,-1.6222
com.labpixies.flood,7,M3,media_coverage,0.0264
com.labpixies.flood,7,M3,store_completeness,-0.674
com.labpixies.flood,8,M3,stickiness,0.6035
com.labpixies.flood,8,M3,dau,-0.0392
com.labpixies.flood,8,M3,crash_rate,0.0253
com.labpixies.flood,8,M3,mau,-2.1131
com.labpixies.flood,8,M3,competitor_count,-1.6754
com.labpixies.flood,8,M3,category_rank,-1.5821
com.labpixies.flood,8,M3,market_trend,-1.3556
com.labpixies.flood,8,M3,rank_volatility_7d,-0.2515
com.labpixies.flood,8,M3,media_coverage,-0.0109
com.labpixies.flood,8,M3,store_completeness,-0.674
com.labpixies.flood,9,M3,stickiness,0.3971
com.labpixies.flood,9,M3,dau,-0.0059
com.labpixies.flood,9,M3,crash_rate,-0.0116
com.labpixies.flood,9,M3,mau,-1.7554
com.labpixies.flood,9,M3,competitor_count,-1.5426
com.labpixies.flood,9,M3,category_rank,-1.5821
com.labpixies.flood,9,M3,market_trend,-1.0435
com.labpixies.flood,9,M3,rank_volatility_7d,-0.0766
com.labpixies.flood,9,M3,media_coverage,0.1283
com.labpixies.flood,9,M3,store_completeness,-0.674
com.labpixies.flood,10,M3,stickiness,0.3335
com.labpixies.flood,10,M3,dau,0.0334
com.labpixies.flood,10,M3,crash_rate,-0.3783
com.labpixies.flood,10,M3,mau,-1.4612
com.labpixies.flood,10,M3,competitor_count,-1.381
com.labpixies.flood,10,M3,category_rank,-1.5821
com.labpixies.flood,10,M3,market_trend,-1.0435
com.labpixies.flood,10,M3,rank_volatility_7d,-0.033
com.labpixies.flood,10,M3,media_coverage,-0.0308
com.labpixies.flood,10,M3,store_completeness,-0.674
com.labpixies.flood,11,M3,stickiness,0.2403
com.labpixies.flood,11,M3,dau,0.1524
com.labpixies.flood,11,M3,crash_rate,-0.3536
com.labpixies.flood,11,M3,mau,-1.1492
com.labpixies.flood,11,M3,competitor_count,-1.2937
com.labpixies.flood,11,M3,category_rank,-1.5821
com.labpixies.flood,11,M3,market_trend,0.4793
com.labpixies.flood,11,M3,rank_volatility_7d,-0.033
com.labpixies.flood,11,M3,media_coverage,-0.0608
com.labpixies.flood,11,M3,store_completeness,-0.674
com.labpixies.flood,12,M3,stickiness,0.0176
com.labpixies.flood,12,M3,dau,-0.1251
com.labpixies.flood,12,M3,crash_rate,-0.2338
com.labpixies.flood,12,M3,mau,-0.9381
com.labpixies.flood,12,M3,competitor_count,-1.2091
com.labpixies.flood,12,M3,category_rank,-1.0911
com.labpixies.flood,12,M3,market_trend,0.0696
com.labpixies.flood,12,M3,rank_volatility_7d,0.0185
com.labpixies.flood,12,M3,media_coverage,-0.0524
com.labpixies.flood,12,M3,store_completeness,-0.674
com.labpixies.flood,13,M3,stickiness,0.2865
com.labpixies.flood,13,M3,dau,1.8012
com.labpixies.flood,13,M3,crash_rate,-1.2171
com.labpixies.flood,13,M3,mau,-0.6691
com.labpixies.flood,13,M3,competitor_count,-1.0846
com.labpixies.flood,13,M3,category_rank,-1.0911
com.labpixies.flood,13,M3,market_trend,-1.3556
com.labpixies.flood,13,M3,rank_volatility_7d,0.0185
com.labpixies.flood,13,M3,media_coverage,-0.0373
com.labpixies.flood,13,M3,store_completeness,-0.674
com.labpixies.flood,14,M3,stickiness,0.1278
com.labpixies.flood,14,M3,dau,1.3265
com.labpixies.flood,14,M3,crash_rate,-1.1811
com.labpixies.flood,14,M3,mau,-0.4703
com.labpixies.flood,14,M3,competitor_count,-0.9499
com.labpixies.flood,14,M3,category_rank,-1.0911
com.labpixies.flood,14,M3,market_trend,-2.1023
com.labpixies.flood,14,M3,rank_volatility_7d,-0.033
com.labpixies.flood,14,M3,media_coverage,0.0014
com.labpixies.flood,14,M3,store_completeness,-0.674
com.labpixies.flood,15,M3,stickiness,-0.001
com.labpixies.flood,15,M3,dau,-0.0001
com.labpixies.flood,15,M3,crash_rate,-0.5381
com.labpixies.flood,15,M3,mau,-0.3595
com.labpixies.flood,15,M3,competitor_count,-0.767
com.labpixies.flood,15,M3,category_rank,-0.6911
com.labpixies.flood,15,M3,market_trend,-1.0435
com.labpixies.flood,15,M3,rank_volatility_7d,0.0732
com.labpixies.flood,15,M3,media_coverage,-0.2283
com.labpixies.flood,15,M3,store_completeness,-0.674
com.labpixies.flood,16,M3,stickiness,0.0739
com.labpixies.flood,16,M3,dau,2.141
com.labpixies.flood,16,M3,crash_rate,-1.0296
com.labpixies.flood,16,M3,mau,-0.2184
com.labpixies.flood,16,M3,competitor_count,-0.6733
com.labpixies.flood,16,M3,category_rank,-0.6911
com.labpixies.flood,16,M3,market_trend,-1.0435
com.labpixies.flood,16,M3,rank_volatility_7d,0.1555
com.labpixies.flood,16,M3,media_coverage,0.1158
com.labpixies.flood,16,M3,store_completeness,-0.674
com.labpixies.flood,17,M3,stickiness,0.0002
com.labpixies.flood,17,M3,dau,0.5681
com.labpixies.flood,17,M3,crash_rate,-0.1863
com.labpixies.flood,17,M3,mau,-0.1202
com.labpixies.flood,17,M3,competitor_count,-0.5857
com.labpixies.flood,17,M3,category_rank,-0.6911
com.labpixies.flood,17,M3,market_trend,0.0146
com.labpixies.flood,17,M3,rank_volatility_7d,0.0732
com.labpixies.flood,17,M3,media_coverage,-0.6367
com.labpixies.flood,17,M3,store_completeness,-0.674
com.labpixies.flood,18,M3,stickiness,-0.0004
com.labpixies.flood,18,M3,dau,0.7654
com.labpixies.flood,18,M3,crash_rate,-1.027
com.labpixies.flood,18,M3,mau,-0.0547
com.labpixies.flood,18,M3,competitor_count,-0.5251
com.labpixies.flood,18,M3,category_rank,-0.6911
com.labpixies.flood,18,M3,market_trend,-0.5415
com.labpixies.flood,18,M3,rank_volatility_7d,-0.033
com.labpixies.flood,18,M3,media_coverage,-0.0608
com.labpixies.flood,18,M3,store_completeness,-0.674
com.labpixies.flood,19,M3,stickiness,0.0001
com.labpixies.flood,19,M3,dau,1.7551
com.labpixies.flood,19,M3,crash_rate,-1.103
com.labpixies.flood,19,M3,mau,-0.0092
com.labpixies.flood,19,M3,competitor_count,-0.4138
com.labpixies.flood,19,M3,category_rank,-0.6911
com.labpixies.flood,19,M3,market_trend,-0.7721
com.labpixies.flood,19,M3,rank_volatility_7d,-0.0766
com.labpixies.flood,19,M3,media_coverage,0.0014
com.labpixies.flood,19,M3,store_completeness,-0.674
com.labpixies.flood,20,M3,stickiness,-0.0934
com.labpixies.flood,20,M3,dau,0.0038
com.labpixies.flood,20,M3,crash_rate,0.003
com.labpixies.flood,20,M3,mau,-0.0001
com.labpixies.flood,20,M3,competitor_count,-0.3526
com.labpixies.flood,20,M3,category_rank,-0.6911
com.labpixies.flood,20,M3,market_trend,-0.0271
com.labpixies.flood,20,M3,rank_volatility_7d,-0.2515
com.labpixies.flood,20,M3,media_coverage,0.2504
com.labpixies.flood,20,M3,store_completeness,-0.674
com.labpixies.flood,21,M3,stickiness,-0.0998
com.labpixies.flood,21,M3,dau,0.0334
com.labpixies.flood,21,M3,crash_rate,-0.0023
com.labpixies.flood,21,M3,mau,0.0073
com.labpixies.flood,21,M3,competitor_count,-0.2808
com.labpixies.flood,21,M3,category_rank,-0.382
com.labpixies.flood,21,M3,market_trend,-0.7721
com.labpixies.flood,21,M3,rank_volatility_7d,-0.2515
com.labpixies.flood,21,M3,media_coverage,-0.2116
com.labpixies.flood,21,M3,store_completeness,-0.674
com.labpixies.flood,22,M3,stickiness,-0.1709
com.labpixies.flood,22,M3,dau,-0.0267
com.labpixies.flood,22,M3,crash_rate,-0.2326
com.labpixies.flood,22,M3,mau,0.0261
com.labpixies.flood,22,M3,competitor_count,-0.2253
com.labpixies.flood,22,M3,category_rank,-0.382
com.labpixies.flood,22,M3,market_trend,-0.0271
com.labpixies.flood,22,M3,rank_volatility_7d,-0.0766
com.labpixies.flood,22,M3,media_coverage,0.2504
com.labpixies.flood,22,M3,store_completeness,-0.674
com.labpixies.flood,23,M3,stickiness,-0.172
com.labpixies.flood,23,M3,dau,-0.0018
com.labpixies.flood,23,M3,crash_rate,-0.0092
com.labpixies.flood,23,M3,mau,0.058
com.labpixies.flood,23,M3,competitor_count,-0.1479
com.labpixies.flood,23,M3,category_rank,-0.1639
com.labpixies.flood,23,M3,market_trend,0.3019
com.labpixies.flood,23,M3,rank_volatility_7d,0.1113
com.labpixies.flood,23,M3,media_coverage,-0.0524
com.labpixies.flood,23,M3,store_completeness,-0.674
com.labpixies.flood,24,M3,stickiness,-0.223
com.labpixies.flood,24,M3,dau,-0.0463
com.labpixies.flood,24,M3,crash_rate,-0.0576
com.labpixies.flood,24,M3,mau,0.1017
com.labpixies.flood,24,M3,competitor_count,-0.1104
com.labpixies.flood,24,M3,category_rank,-0.1639
com.labpixies.flood,24,M3,market_trend,-2.5369
com.labpixies.flood,24,M3,rank_volatility_7d,0.3185
com.labpixies.flood,24,M3,media_coverage,0.0031
com.labpixies.flood,24,M3,store_completeness,-0.674
com.labpixies.flood,25,M3,stickiness,-0.2262
com.labpixies.flood,25,M3,dau,-0.0124
com.labpixies.flood,25,M3,crash_rate,3.3043
com.labpixies.flood,25,M3,mau,0.1595
com.labpixies.flood,25,M3,competitor_count,-0.08
com.labpixies.flood,25,M3,category_rank,-0.1639
com.labpixies.flood,25,M3,market_trend,-0.0945
com.labpixies.flood,25,M3,rank_volatility_7d,0.3185
com.labpixies.flood,25,M3,media_coverage,-0.3212
com.labpixies.flood,25,M3,store_completeness,-0.674
com.labpixies.flood,26,M3,stickiness,-0.45
com.labpixies.flood,26,M3,dau,-1.1674
com.labpixies.flood,26,M3,crash_rate,0.0002
com.labpixies.flood,26,M3,mau,0.214
com.labpixies.flood,26,M3,competitor_count,-0.0558
com.labpixies.flood,26,M3,category_rank,-0.1639
com.labpixies.flood,26,M3,market_trend,-0.0271
com.labpixies.flood,26,M3,rank_volatility_7d,0.1113
com.labpixies.flood,26,M3,media_coverage,-0.3417
com.labpixies.flood,26,M3,store_completeness,-0.674
com.labpixies.flood,27,M3,stickiness,-0.2359
com.labpixies.flood,27,M3,dau,0.002
com.labpixies.flood,27,M3,crash_rate,-0.3333
com.labpixies.flood,27,M3,mau,0.2912
com.labpixies.flood,27,M3,competitor_count,-0.0328
com.labpixies.flood,27,M3,category_rank,-0.0367
com.labpixies.flood,27,M3,market_trend,0.0146
com.labpixies.flood,27,M3,rank_volatility_7d,0.0185
com.labpixies.flood,27,M3,media_coverage,0.0725
com.labpixies.flood,27,M3,store_completeness,-0.674
com.labpixies.flood,28,M3,stickiness,-0.1973
com.labpixies.flood,28,M3,dau,0.1662
com.labpixies.flood,28,M3,crash_rate,-0.1745
com.labpixies.flood,28,M3,mau,0.3889
com.labpixies.flood,28,M3,competitor_count,-0.0137
com.labpixies.flood,28,M3,category_rank,-0.0367
com.labpixies.flood,28,M3,market_trend,-0.0945
com.labpixies.flood,28,M3,rank_volatility_7d,0.0185
com.labpixies.flood,28,M3,media_coverage,0.1413
com.labpixies.flood,28,M3,store_completeness,-0.674
com.labpixies.flood,29,M3,stickiness,-0.2507
com.labpixies.flood,29,M3,dau,0.04
com.labpixies.flood,29,M3,crash_rate,-0.4731
com.labpixies.flood,29,M3,mau,0.4941
com.labpixies.flood,29,M3,competitor_count,-0.0068
com.labpixies.flood,29,M3,category_rank,-0.0367
com.labpixies.flood,29,M3,market_trend,0.1654
com.labpixies.flood,29,M3,rank_volatility_7d,-0.033
com.labpixies.flood,29,M3,media_coverage,-0.2456
com.labpixies.flood,29,M3,store_completeness,-0.674
com.labpixies.flood,30,M3,stickiness,-0.1929
com.labpixies.flood,30,M3,dau,0.3786
com.labpixies.flood,30,M3,crash_rate,-0.0195
com.labpixies.flood,30,M3,mau,0.5437
com.labpixies.flood,30,M3,competitor_count,0.0004
com.labpixies.flood,30,M3,category_rank,0.0552
com.labpixies.flood,30,M3,market_trend,0.0146
com.labpixies.flood,30,M3,rank_volatility_7d,0.8286
com.labpixies.flood,30,M3,media_coverage,-0.0373
com.labpixies.flood,30,M3,store_completeness,-0.674
com.labpixies.flood,31,M3,stickiness,-0.2442
com.labpixies.flood,31,M3,dau,0.1146
com.labpixies.flood,31,M3,crash_rate,-0.0604
com.labpixies.flood,31,M3,mau,0.594
com.labpixies.flood,31,M3,competitor_count,0.014
com.labpixies.flood,31,M3,category_rank,0.4375
com.labpixies.flood,31,M3,market_trend,-3.0122
com.labpixies.flood,31,M3,rank_volatility_7d,5.902
com.labpixies.flood,31,M3,media_coverage,-0.9178
com.labpixies.flood,31,M3,store_completeness,-0.674
com.labpixies.flood,32,M3,stickiness,-0.3194
com.labpixies.flood,32,M3,dau,-0.0018
com.labpixies.flood,32,M3,crash_rate,2.0875
com.labpixies.flood,32,M3,mau,0.6447
com.labpixies.flood,32,M3,competitor_count,0.0272
com.labpixies.flood,32,M3,category_rank,0.4375
com.labpixies.flood,32,M3,market_trend,-0.0005
com.labpixies.flood,32,M3,rank_volatility_7d,8.5964
com.labpixies.flood,32,M3,media_coverage,-0.9178
com.labpixies.flood,32,M3,store_completeness,-0.674
com.labpixies.flood,33,M3,stickiness,-0.4729
com.labpixies.flood,33,M3,dau,-0.5914
com.labpixies.flood,33,M3,crash_rate,-0.2666
com.labpixies.flood,33,M3,mau,0.6633
com.labpixies.flood,33,M3,competitor_count,0.0592
com.labpixies.flood,33,M3,category_rank,0.4375
com.labpixies.flood,33,M3,market_trend,2.8629
com.labpixies.flood,33,M3,rank_volatility_7d,7.908
com.labpixies.flood,33,M3,media_coverage,-0.4069
com.labpixies.flood,33,M3,store_completeness,-0.674
com.labpixies.flood,34,M3,stickiness,-0.338
com.labpixies.flood,34,M3,dau,-0.0035
com.labpixies.flood,34,M3,crash_rate,-0.1093
com.labpixies.flood,34,M3,mau,0.7462
com.labpixies.flood,34,M3,competitor_count,0.0962
com.labpixies.flood,34,M3,category_rank,0.4375
com.labpixies.flood,34,M3,market_trend,-1.3556
com.labpixies.flood,34,M3,rank_volatility_7d,6.8262
com.labpixies.flood,34,M3,media_coverage,-0.2636
com.labpixies.flood,34,M3,store_completeness,-0.674
com.labpixies.flood,35,M3,stickiness,-0.5159
com.labpixies.flood,35,M3,dau,-0.7923
com.labpixies.flood,35,M3,crash_rate,0.6002
com.labpixies.flood,35,M3,mau,0.7622
com.labpixies.flood,35,M3,competitor_count,0.1444
com.labpixies.flood,35,M3,category_rank,0.4375
com.labpixies.flood,35,M3,market_trend,0.4793
com.labpixies.flood,35,M3,rank_volatility_7d,3.7675
com.labpixies.flood,35,M3,media_coverage,-0.0109
com.labpixies.flood,35,M3,store_completeness,-0.674
com.labpixies.flood,36,M3,stickiness,-0.4042
com.labpixies.flood,36,M3,dau,-0.2093
com.labpixies.flood,36,M3,crash_rate,0.0051
com.labpixies.flood,36,M3,mau,0.6595
com.labpixies.flood,36,M3,competitor_count,0.1945
com.labpixies.flood,36,M3,category_rank,0.4375
com.labpixies.flood,36,M3,market_trend,-0.0945
com.labpixies.flood,36,M3,rank_volatility_7d,0.0732
com.labpixies.flood,36,M3,media_coverage,-0.2636
com.labpixies.flood,36,M3,store_completeness,1.4335
com.labpixies.flood,37,M3,stickiness,-0.5603
com.labpixies.flood,37,M3,dau,-1.5282
com.labpixies.flood,37,M3,crash_rate,-0.0872
com.labpixies.flood,37,M3,mau,0.5186
com.labpixies.flood,37,M3,competitor_count,0.2405
com.labpixies.flood,37,M3,category_rank,0.4375
com.labpixies.flood,37,M3,market_trend,1.2561
com.labpixies.flood,37,M3,rank_volatility_7d,-1.6222
com.labpixies.flood,37,M3,media_coverage,-0.09
com.labpixies.flood,37,M3,store_completeness,1.4335
com.labpixies.flood,38,M3,stickiness,-0.3053
com.labpixies.flood,38,M3,dau,-0.0018
com.labpixies.flood,38,M3,crash_rate,0.2289
com.labpixies.flood,38,M3,mau,0.5591
com.labpixies.flood,38,M3,competitor_count,0.3041
com.labpixies.flood,38,M3,category_rank,0.4375
com.labpixies.flood,38,M3,market_trend,0.4793
com.labpixies.flood,38,M3,rank_volatility_7d,-1.6222
com.labpixies.flood,38,M3,media_coverage,-0.0373
com.labpixies.flood,38,M3,store_completeness,1.4335
com.labpixies.flood,39,M3,stickiness,-0.282
com.labpixies.flood,39,M3,dau,0.0062
com.labpixies.flood,39,M3,crash_rate,0.2849
com.labpixies.flood,39,M3,mau,0.5523
com.labpixies.flood,39,M3,competitor_count,0.361
com.labpixies.flood,39,M3,category_rank,0.4375
com.labpixies.flood,39,M3,market_trend,5.7893
com.labpixies.flood,39,M3,rank_volatility_7d,-1.6222
com.labpixies.flood,39,M3,media_coverage,-0.0075
com.labpixies.flood,39,M3,store_completeness,1.4335
com.labpixies.flood,40,M3,stickiness,-0.3916
com.labpixies.flood,40,M3,dau,-0.2422
com.labpixies.flood,40,M3,crash_rate,0.1064
com.labpixies.flood,40,M3,mau,0.5421
com.labpixies.flood,40,M3,competitor_count,0.4116
com.labpixies.flood,40,M3,category_rank,0.4375
com.labpixies.flood,40,M3,market_trend,3.9111
com.labpixies.flood,40,M3,rank_volatility_7d,-1.6222
com.labpixies.flood,40,M3,media_coverage,-1.0229
com.labpixies.flood,40,M3,store_completeness,1.4335
com.labpixies.flood,41,M3,stickiness,-0.2669
com.labpixies.flood,41,M3,dau,0.0219
com.labpixies.flood,41,M3,crash_rate,0.116
com.labpixies.flood,41,M3,mau,0.5353
com.labpixies.flood,41,M3,competitor_count,0.4896
com.labpixies.flood,41,M3,category_rank,0.4375
com.labpixies.flood,41,M3,market_trend,-0.7721
com.labpixies.flood,41,M3,rank_volatility_7d,-1.6222
com.labpixies.flood,41,M3,media_coverage,-0.0011
com.labpixies.flood,41,M3,store_completeness,1.4335
com.labpixies.flood,42,M3,stickiness,-0.2973
com.labpixies.flood,42,M3,dau,-0.0018
com.labpixies.flood,42,M3,crash_rate,1.5091
com.labpixies.flood,42,M3,mau,0.5137
com.labpixies.flood,42,M3,competitor_count,0.5439
com.labpixies.flood,42,M3,category_rank,0.4375
com.labpixies.flood,42,M3,market_trend,0.0696
com.labpixies.flood,42,M3,rank_volatility_7d,-1.6222
com.labpixies.flood,42,M3,media_coverage,-0.1377
com.labpixies.flood,42,M3,store_completeness,1.4335
com.labpixies.flood,43,M3,stickiness,-0.3292
com.labpixies.flood,43,M3,dau,-0.0714
com.labpixies.flood,43,M3,crash_rate,0.2813
com.labpixies.flood,43,M3,mau,0.4545
com.labpixies.flood,43,M3,competitor_count,0.633
com.labpixies.flood,43,M3,category_rank,0.4375
com.labpixies.flood,43,M3,market_trend,-0.0271
com.labpixies.flood,43,M3,rank_volatility_7d,-1.6222
com.labpixies.flood,43,M3,media_coverage,10.4938
com.labpixies.flood,43,M3,store_completeness,1.4335
com.labpixies.flood,44,M3,stickiness,-0.2649
com.labpixies.flood,44,M3,dau,0.0038
com.labpixies.flood,44,M3,crash_rate,-0.3048
com.labpixies.flood,44,M3,mau,0.4407
com.labpixies.flood,44,M3,competitor_count,0.7289
com.labpixies.flood,44,M3,category_rank,0.4375
com.labpixies.flood,44,M3,market_trend,-0.0945
com.labpixies.flood,44,M3,rank_volatility_7d,-1.6222
com.labpixies.flood,44,M3,media_coverage,-0.3013
com.labpixies.flood,44,M3,store_completeness,1.4335
com.labpixies.flood,45,M3,stickiness,-0.2028
com.labpixies.flood,45,M3,dau,0.1956
com.labpixies.flood,45,M3,crash_rate,-0.2033
com.labpixies.flood,45,M3,mau,0.4468
com.labpixies.flood,45,M3,competitor_count,0.821
com.labpixies.flood,45,M3,category_rank,0.7651
com.labpixies.flood,45,M3,market_trend,1.9779
com.labpixies.flood,45,M3,rank_volatility_7d,-0.2515
com.labpixies.flood,45,M3,media_coverage,-0.4778
com.labpixies.flood,45,M3,store_completeness,1.4335
com.labpixies.flood,46,M3,stickiness,-0.2455
com.labpixies.flood,46,M3,dau,0.0129
com.labpixies.flood,46,M3,crash_rate,-0.1522
com.labpixies.flood,46,M3,mau,0.3889
com.labpixies.flood,46,M3,competitor_count,0.8799
com.labpixies.flood,46,M3,category_rank,0.7651
com.labpixies.flood,46,M3,market_trend,4.4963
com.labpixies.flood,46,M3,rank_volatility_7d,-0.0766
com.labpixies.flood,46,M3,media_coverage,-0.3212
com.labpixies.flood,46,M3,store_completeness,1.4335
com.labpixies.flood,47,M3,stickiness,-0.2511
com.labpixies.flood,47,M3,dau,0.002
com.labpixies.flood,47,M3,crash_rate,-0.4214
com.labpixies.flood,47,M3,mau,0.358
com.labpixies.flood,47,M3,competitor_count,0.9751
com.labpixies.flood,47,M3,category_rank,0.7651
com.labpixies.flood,47,M3,market_trend,5.7893
com.labpixies.flood,47,M3,rank_volatility_7d,-0.033
com.labpixies.flood,47,M3,media_coverage,-0.1956
com.labpixies.flood,47,M3,store_completeness,1.4335
com.labpixies.flood,48,M3,stickiness,-0.1333
com.labpixies.flood,48,M3,dau,0.5945
com.labpixies.flood,48,M3,crash_rate,-0.3048
com.labpixies.flood,48,M3,mau,0.3257
com.labpixies.flood,48,M3,competitor_count,1.0631
com.labpixies.flood,48,M3,category_rank,0.7651
com.labpixies.flood,48,M3,market_trend,-0.0005
com.labpixies.flood,48,M3,rank_volatility_7d,-0.033
com.labpixies.flood,48,M3,media_coverage,-0.0608
com.labpixies.flood,48,M3,store_completeness,1.4335
com.labpixies.flood,49,M3,stickiness,-0.1484
com.labpixies.flood,49,M3,dau,0.3174
com.labpixies.flood,49,M3,crash_rate,-0.0101
com.labpixies.flood,49,M3,mau,0.2646
com.labpixies.flood,49,M3,competitor_count,1.1737
com.labpixies.flood,49,M3,category_rank,1.1836
com.labpixies.flood,49,M3,market_trend,-0.0945
com.labpixies.flood,49,M3,rank_volatility_7d,0.0185
com.labpixies.flood,49,M3,media_coverage,-0.0011
com.labpixies.flood,49,M3,store_completeness,1.4335
com.labpixies.flood,50,M3,stickiness,-0.197
com.labpixies.flood,50,M3,dau,0.0551
com.labpixies.flood,50,M3,crash_rate,-0.1172
com.labpixies.flood,50,M3,mau,0.2622
com.labpixies.flood,50,M3,competitor_count,1.3231
com.labpixies.flood,50,M3,category_rank,1.1836
com.labpixies.flood,50,M3,market_trend,0.3019
com.labpixies.flood,50,M3,rank_volatility_7d,0.0185
com.labpixies.flood,50,M3,media_coverage,0.0325
com.labpixies.flood,50,M3,store_completeness,1.4335
com.labpixies.flood,51,M3,stickiness,-0.1513
com.labpixies.flood,51,M3,dau,0.3174
com.labpixies.flood,51,M3,crash_rate,-0.326
com.labpixies.flood,51,M3,mau,0.2778
com.labpixies.flood,51,M3,competitor_count,1.4672
com.labpixies.flood,51,M3,category_rank,1.1836
com.labpixies.flood,51,M3,market_trend,0.3019
com.labpixies.flood,51,M3,rank_volatility_7d,-0.033
com.labpixies.flood,51,M3,media_coverage,-0.1654
com.labpixies.flood,51,M3,store_completeness,1.4335
com.labpixies.flood,52,M3,stickiness,-0.1143
com.labpixies.flood,52,M3,dau,0.8272
com.labpixies.flood,52,M3,crash_rate,-0.3798
com.labpixies.flood,52,M3,mau,0.3166
com.labpixies.flood,52,M3,competitor_count,1.5457
com.labpixies.flood,52,M3,category_rank,1.1836
com.labpixies.flood,52,M3,market_trend,0.0696
com.labpixies.flood,52,M3,rank_volatility_7d,-0.033
com.labpixies.flood,52,M3,media_coverage,-0.0075
com.labpixies.flood,52,M3,store_completeness,1.4335
com.labpixies.flood,53,M3,stickiness,-0.1429
com.labpixies.flood,53,M3,dau,0.5681
com.labpixies.flood,53,M3,crash_rate,-0.1388
com.labpixies.flood,53,M3,mau,0.3649
com.labpixies.flood,53,M3,competitor_count,1.6635
com.labpixies.flood,53,M3,category_rank,1.1836
com.labpixies.flood,53,M3,market_trend,0.3019
com.labpixies.flood,53,M3,rank_volatility_7d,-0.0766
com.labpixies.flood,53,M3,media_coverage,-0.1802
com.labpixies.flood,53,M3,store_completeness,1.4335
com.labpixies.flood,54,M3,stickiness,-0.1501
com.labpixies.flood,54,M3,dau,0.5945
com.labpixies.flood,54,M3,crash_rate,0.2749
com.labpixies.flood,54,M3,mau,0.4181
com.labpixies.flood,54,M3,competitor_count,1.7934
com.labpixies.flood,54,M3,category_rank,1.1836
com.labpixies.flood,54,M3,market_trend,2.8629
com.labpixies.flood,54,M3,rank_volatility_7d,-0.2515
com.labpixies.flood,54,M3,media_coverage,-0.0149
com.labpixies.flood,54,M3,store_completeness,1.4335
com.labpixies.flood,55,M3,stickiness,-0.2319
com.labpixies.flood,55,M3,dau,0.0551
com.labpixies.flood,55,M3,crash_rate,-0.4932
com.labpixies.flood,55,M3,mau,0.424
com.labpixies.flood,55,M3,competitor_count,1.9121
com.labpixies.flood,55,M3,category_rank,1.1836
com.labpixies.flood,55,M3,market_trend,0.4793
com.labpixies.flood,55,M3,rank_volatility_7d,-1.6222
com.labpixies.flood,55,M3,media_coverage,0.1999
com.labpixies.flood,55,M3,store_completeness,1.4335
com.labpixies.flood,56,M3,stickiness,-0.2009
com.labpixies.flood,56,M3,dau,0.2112
com.labpixies.flood,56,M3,crash_rate,-0.2726
com.labpixies.flood,56,M3,mau,0.4514
com.labpixies.flood,56,M3,competitor_count,2.0679
com.labpixies.flood,56,M3,category_rank,1.6931
com.labpixies.flood,56,M3,market_trend,-0.2027
com.labpixies.flood,56,M3,rank_volatility_7d,-0.2515
com.labpixies.flood,56,M3,media_coverage,0.1693
com.labpixies.flood,56,M3,store_completeness,1.4335
com.labpixies.flood,57,M3,stickiness,-0.2047
com.labpixies.flood,57,M3,dau,0.2442
com.labpixies.flood,57,M3,crash_rate,-0.0884
com.labpixies.flood,57,M3,mau,0.5038
com.labpixies.flood,57,M3,competitor_count,2.2038
com.labpixies.flood,57,M3,category_rank,2.2936
com.labpixies.flood,57,M3,market_trend,0.4793
com.labpixies.flood,57,M3,rank_volatility_7d,0.1113
com.labpixies.flood,57,M3,media_coverage,-0.4299
com.labpixies.flood,57,M3,store_completeness,1.4335
com.labpixies.flood,58,M3,stickiness,-0.2533
com.labpixies.flood,58,M3,dau,0.04
com.labpixies.flood,58,M3,crash_rate,0.7965
com.labpixies.flood,58,M3,mau,0.5087
com.labpixies.flood,58,M3,competitor_count,2.443
com.labpixies.flood,58,M3,category_rank,2.2936
com.labpixies.flood,58,M3,market_trend,-0.5415
com.labpixies.flood,58,M3,rank_volatility_7d,0.4483
com.labpixies.flood,58,M3,media_coverage,-0.6654
com.labpixies.flood,58,M3,store_completeness,1.4335
com.labpixies.flood,59,M3,stickiness,-0.4937
com.labpixies.flood,59,M3,dau,-0.988
com.labpixies.flood,59,M3,crash_rate,-0.032
com.labpixies.flood,59,M3,mau,0.4828
com.labpixies.flood,59,M3,competitor_count,2.5906
com.labpixies.flood,59,M3,category_rank,3.7673
com.labpixies.flood,59,M3,market_trend,0.3019
com.labpixies.flood,59,M3,rank_volatility_7d,3.1775
com.labpixies.flood,59,M3,media_coverage,-0.101
com.labpixies.flood,59,M3,store_completeness,1.4335
com.labpixies.flood,60,M3,stickiness,-0.2846
com.labpixies.flood,60,M3,dau,-0.0006
com.labpixies.flood,60,M3,crash_rate,-0.0917
com.labpixies.flood,60,M3,mau,0.4623
com.labpixies.flood,60,M3,competitor_count,2.8395
com.labpixies.flood,60,M3,category_rank,4.6406
com.labpixies.flood,60,M3,market_trend,2.4
com.labpixies.flood,60,M3,rank_volatility_7d,6.96
com.labpixies.flood,60,M3,media_coverage,-0.6367
com.labpixies.flood,60,M3,store_completeness,1.4335
com.labpixies.flood,61,M3,stickiness,-0.2632
com.labpixies.flood,61,M3,dau,0.0093
com.labpixies.flood,61,M3,crash_rate,0.0172
com.labpixies.flood,61,M3,mau,0.4638
com.labpixies.flood,61,M3,competitor_count,2.9683
com.labpixies.flood,61,M3,category_rank,4.6406
com.labpixies.flood,61,M3,market_trend,1.9779
com.labpixies.flood,61,M3,rank_volatility_7d,7.6352
com.labpixies.flood,61,M3,media_coverage,-0.5812
com.labpixies.flood,61,M3,store_completeness,1.4335
com.labpixies.flood,62,M3,stickiness,-0.189
com.labpixies.flood,62,M3,dau,0.2796
com.labpixies.flood,62,M3,crash_rate,-0.1697
com.labpixies.flood,62,M3,mau,0.4437
com.labpixies.flood,62,M3,competitor_count,3.3186
com.labpixies.flood,62,M3,category_rank,5.6048
com.labpixies.flood,62,M3,market_trend,0.3019
com.labpixies.flood,62,M3,rank_volatility_7d,6.8262
com.labpixies.flood,62,M3,media_coverage,-0.4299
com.labpixies.flood,62,M3,store_completeness,1.4335
com.labpixies.flood,63,M3,stickiness,-0.2795
com.labpixies.flood,63,M3,dau,0.0001
com.labpixies.flood,63,M3,crash_rate,-0.7573
com.labpixies.flood,63,M3,mau,0.4686
com.labpixies.flood,63,M3,competitor_count,3.5557
com.labpixies.flood,63,M3,category_rank,6.66
com.labpixies.flood,63,M3,market_trend,0.0696
com.labpixies.flood,63,M3,rank_volatility_7d,6.8262
com.labpixies.flood,63,M3,media_coverage,-0.0002
com.labpixies.flood,63,M3,store_completeness,1.4335
com.labpixies.flood,64,M3,stickiness,-0.3212
com.labpixies.flood,64,M3,dau,-0.0541
com.labpixies.flood,64,M3,crash_rate,0.2318
com.labpixies.flood,64,M3,mau,0.4483
com.labpixies.flood,64,M3,competitor_count,3.8579
com.labpixies.flood,64,M3,category_rank,7.8062
com.labpixies.flood,64,M3,market_trend,0.4793
com.labpixies.flood,64,M3,rank_volatility_7d,7.6352
com.labpixies.flood,64,M3,media_coverage,1.0327
com.labpixies.flood,64,M3,store_completeness,1.4335
com.labpixies.flood,65,M3,stickiness,-0.276
com.labpixies.flood,65,M3,dau,0.0001
com.labpixies.flood,65,M3,crash_rate,0.1597
com.labpixies.flood,65,M3,mau,0.4499
com.labpixies.flood,65,M3,competitor_count,4.1842
com.labpixies.flood,65,M3,category_rank,9.0433
com.labpixies.flood,65,M3,market_trend,0.9563
com.labpixies.flood,65,M3,rank_volatility_7d,5.7718
com.labpixies.flood,65,M3,media_coverage,-0.3845
com.labpixies.flood,65,M3,store_completeness,1.4335
com.labpixies.flood,66,M3,stickiness,-0.2356
com.labpixies.flood,66,M3,dau,0.0725
com.labpixies.flood,66,M3,crash_rate,-0.3182
com.labpixies.flood,66,M3,mau,0.4749
com.labpixies.flood,66,M3,competitor_count,4.4377
com.labpixies.flood,66,M3,category_rank,9.0433
com.labpixies.flood,66,M3,market_trend,1.9779
com.labpixies.flood,66,M3,rank_volatility_7d,5.129
com.labpixies.flood,66,M3,media_coverage,-0.3212
com.labpixies.flood,66,M3,store_completeness,-0.674
com.labpixies.flood,67,M3,stickiness,-0.3014
com.labpixies.flood,67,M3,dau,-0.0035
com.labpixies.flood,67,M3,crash_rate,-0.0432
com.labpixies.flood,67,M3,mau,0.5186
com.labpixies.flood,67,M3,competitor_count,4.6233
com.labpixies.flood,67,M3,category_rank,9.0433
com.labpixies.flood,67,M3,market_trend,5.7893
com.labpixies.flood,67,M3,rank_volatility_7d,4.1308
com.labpixies.flood,67,M3,media_coverage,-0.2456
com.labpixies.flood,67,M3,store_completeness,-0.674
com.labpixies.flood,68,M3,stickiness,-0.367
com.labpixies.flood,68,M3,dau,-0.1508
com.labpixies.flood,68,M3,crash_rate,-0.2033
com.labpixies.flood,68,M3,mau,0.5253
com.labpixies.flood,68,M3,competitor_count,4.7999
com.labpixies.flood,68,M3,category_rank,9.0433
com.labpixies.flood,68,M3,market_trend,7.2454
com.labpixies.flood,68,M3,rank_volatility_7d,1.4603
com.labpixies.flood,68,M3,media_coverage,-0.1248
com.labpixies.flood,68,M3,store_completeness,-0.674
com.labpixies.flood,69,M3,stickiness,-0.2224
com.labpixies.flood,69,M3,dau,0.1662
com.labpixies.flood,69,M3,crash_rate,-0.017
com.labpixies.flood,69,M3,mau,0.5286
com.labpixies.flood,69,M3,competitor_count,5.058
com.labpixies.flood,69,M3,category_rank,9.0433
com.labpixies.flood,69,M3,market_trend,0.0146
com.labpixies.flood,69,M3,rank_volatility_7d,0.1113
com.labpixies.flood,69,M3,media_coverage,-0.1802
com.labpixies.flood,69,M3,store_completeness,-0.674
com.labpixies.flood,70,M3,stickiness,-0.2216
com.labpixies.flood,70,M3,dau,0.1806
com.labpixies.flood,70,M3,crash_rate,-0.2879
com.labpixies.flood,70,M3,mau,0.5404
com.labpixies.flood,70,M3,competitor_count,5.2694
com.labpixies.flood,70,M3,category_rank,9.0433
com.labpixies.flood,70,M3,market_trend,0.0696
com.labpixies.flood,70,M3,rank_volatility_7d,-0.2515
com.labpixies.flood,70,M3,media_coverage,0.0161
com.labpixies.flood,70,M3,store_completeness,-0.674
com.labpixies.flood,71,M3,stickiness,-0.3186
com.labpixies.flood,71,M3,dau,-0.0166
com.labpixies.flood,71,M3,crash_rate,0.1051
com.labpixies.flood,71,M3,mau,0.5421
com.labpixies.flood,71,M3,competitor_count,5.5397
com.labpixies.flood,71,M3,category_rank,9.0433
com.labpixies.flood,71,M3,market_trend,0.1654
com.labpixies.flood,71,M3,rank_volatility_7d,-1.6222
com.labpixies.flood,71,M3,media_coverage,-0.0524
com.labpixies.flood,71,M3,store_completeness,1.4335
com.labpixies.flood,72,M3,stickiness,-0.3631
com.labpixies.flood,72,M3,dau,-0.1376
com.labpixies.flood,72,M3,crash_rate,-0.3434
com.labpixies.flood,72,M3,mau,0.5236
com.labpixies.flood,72,M3,competitor_count,5.8589
com.labpixies.flood,72,M3,category_rank,9.0433
com.labpixies.flood,72,M3,market_trend,-0.2027
com.labpixies.flood,72,M3,rank_volatility_7d,-1.6222
com.labpixies.flood,72,M3,media_coverage,-0.1377
com.labpixies.flood,72,M3,store_completeness,1.4335
com.labpixies.flood,73,M3,stickiness,-0.3972
com.labpixies.flood,73,M3,dau,-0.296
com.labpixies.flood,73,M3,crash_rate,-0.046
com.labpixies.flood,73,M3,mau,0.512
com.labpixies.flood,73,M3,competitor_count,6.0719
com.labpixies.flood,73,M3,category_rank,9.0433
com.labpixies.flood,73,M3,market_trend,0.6974
com.labpixies.flood,73,M3,rank_volatility_7d,-1.6222
com.labpixies.flood,73,M3,media_coverage,-0.0026
com.labpixies.flood,73,M3,store_completeness,1.4335
com.labpixies.flood,74,M3,stickiness,-0.2594
com.labpixies.flood,74,M3,dau,0.0334
com.labpixies.flood,74,M3,crash_rate,-0.3317
com.labpixies.flood,74,M3,mau,0.5269
com.labpixies.flood,74,M3,competitor_count,6.2159
com.labpixies.flood,74,M3,category_rank,9.0433
com.labpixies.flood,74,M3,market_trend,0.6974
com.labpixies.flood,74,M3,rank_volatility_7d,-1.6222
com.labpixies.flood,74,M3,media_coverage,-0.6087
com.labpixies.flood,74,M3,store_completeness,1.4335
com.labpixies.flood,75,M3,stickiness,-0.38
com.labpixies.flood,75,M3,dau,-0.2422
com.labpixies.flood,75,M3,crash_rate,11.1137
com.labpixies.flood,75,M3,mau,0.4796
com.labpixies.flood,75,M3,competitor_count,6.4648
com.labpixies.flood,75,M3,category_rank,9.0433
com.labpixies.flood,75,M3,market_trend,1.9779
com.labpixies.flood,75,M3,rank_volatility_7d,-1.6222
com.labpixies.flood,75,M3,media_coverage,0.0264
com.labpixies.flood,75,M3,store_completeness,1.4335
com.labpixies.flood,76,M3,stickiness,-0.327
com.labpixies.flood,76,M3,dau,-0.0624
com.labpixies.flood,76,M3,crash_rate,-0.5193
com.labpixies.flood,76,M3,mau,0.4607
com.labpixies.flood,76,M3,competitor_count,6.7638
com.labpixies.flood,76,M3,category_rank,10.3714
com.labpixies.flood,76,M3,market_trend,0.0146
com.labpixies.flood,76,M3,rank_volatility_7d,-0.2515
com.labpixies.flood,76,M3,media_coverage,0.0209
com.labpixies.flood,76,M3,store_completeness,1.4335
com.labpixies.flood,77,M3,stickiness,-0.4022
com.labpixies.flood,77,M3,dau,-0.3761
com.labpixies.flood,77,M3,crash_rate,0.2678
com.labpixies.flood,77,M3,mau,0.4607
com.labpixies.flood,77,M3,competitor_count,7.0079
com.labpixies.flood,77,M3,category_rank,11.7904
com.labpixies.flood,77,M3,market_trend,0.6974
com.labpixies.flood,77,M3,rank_volatility_7d,0.1113
com.labpixies.flood,77,M3,media_coverage,0.0824
com.labpixies.flood,77,M3,store_completeness,1.4335
com.labpixies.flood,78,M3,stickiness,-0.255
com.labpixies.flood,78,M3,dau,0.0093
com.labpixies.flood,78,M3,crash_rate,0.0297
com.labpixies.flood,78,M3,mau,0.421
com.labpixies.flood,78,M3,competitor_count,7.225
com.labpixies.flood,78,M3,category_rank,13.3004
com.labpixies.flood,78,M3,market_trend,0.6974
com.labpixies.flood,78,M3,rank_volatility_7d,1.4603
com.labpixies.flood,78,M3,media_coverage,0.0031
com.labpixies.flood,78,M3,store_completeness,1.4335
com.labpixies.flood,79,M3,stickiness,-0.3223
com.labpixies.flood,79,M3,dau,-0.0911
com.labpixies.flood,79,M3,crash_rate,-0.0055
com.labpixies.flood,79,M3,mau,0.3874
com.labpixies.flood,79,M3,competitor_count,7.6531
com.labpixies.flood,79,M3,category_rank,14.9013
com.labpixies.flood,79,M3,market_trend,4.4963
com.labpixies.flood,79,M3,rank_volatility_7d,4.1308
com.labpixies.flood,79,M3,media_coverage,0.0209
com.labpixies.flood,79,M3,store_completeness,1.4335
com.labpixies.flood,80,M3,stickiness,-0.2599
com.labpixies.flood,80,M3,dau,0.0038
com.labpixies.flood,80,M3,crash_rate,0.433
com.labpixies.flood,80,M3,mau,0.4151
com.labpixies.flood,80,M3,competitor_count,7.9781
com.labpixies.flood,80,M3,category_rank,16.5931
com.labpixies.flood,80,M3,market_trend,-0.3517
com.labpixies.flood,80,M3,rank_volatility_7d,7.3639
com.labpixies.flood,80,M3,media_coverage,-0.0373
com.labpixies.flood,80,M3,store_completeness,1.4335
com.labpixies.flood,81,M3,stickiness,-0.2362
com.labpixies.flood,81,M3,dau,0.0551
com.labpixies.flood,81,M3,crash_rate,-0.3981
com.labpixies.flood,81,M3,mau,0.4468
com.labpixies.flood,81,M3,competitor_count,8.2263
com.labpixies.flood,81,M3,category_rank,16.5931
com.labpixies.flood,81,M3,market_trend,0.0696
com.labpixies.flood,81,M3,rank_volatility_7d,7.3639
com.labpixies.flood,81,M3,media_coverage,0.5886
com.labpixies.flood,81,M3,store_completeness,1.4335
com.labpixies.flood,82,M3,stickiness,-1.1949
com.labpixies.flood,82,M3,dau,-10.974
com.labpixies.flood,82,M3,crash_rate,2.1883
com.labpixies.flood,82,M3,mau,0.386
com.labpixies.flood,82,M3,competitor_count,8.5122
com.labpixies.flood,82,M3,category_rank,16.5931
com.labpixies.flood,82,M3,market_trend,1.5966
com.labpixies.flood,82,M3,rank_volatility_7d,4.1308
com.labpixies.flood,82,M3,media_coverage,-0.6948
com.labpixies.flood,82,M3,store_completeness,1.4335
com.labpixies.flood,83,M3,stickiness,-0.2299
com.labpixies.flood,83,M3,dau,0.0274
com.labpixies.flood,83,M3,crash_rate,-0.1071
com.labpixies.flood,83,M3,mau,0.3566
com.labpixies.flood,83,M3,competitor_count,8.8375
com.labpixies.flood,83,M3,category_rank,18.376
com.labpixies.flood,83,M3,market_trend,1.9779
com.labpixies.flood,83,M3,rank_volatility_7d,2.3895
com.labpixies.flood,83,M3,media_coverage,0.0929
com.labpixies.flood,83,M3,store_completeness,1.4335
com.labpixies.flood,84,M3,stickiness,-0.9946
com.labpixies.flood,84,M3,dau,-7.8041
com.labpixies.flood,84,M3,crash_rate,-0.6891
com.labpixies.flood,84,M3,mau,0.3283
com.labpixies.flood,84,M3,competitor_count,9.0811
com.labpixies.flood,84,M3,category_rank,18.376
com.labpixies.flood,84,M3,market_trend,5.1224
com.labpixies.flood,84,M3,rank_volatility_7d,0.8286
com.labpixies.flood,84,M3,media_coverage,-0.0026
com.labpixies.flood,84,M3,store_completeness,1.4335
com.labpixies.flood,85,M3,stickiness,-0.6668
com.labpixies.flood,85,M3,dau,-3.1423
com.labpixies.flood,85,M3,crash_rate,-0.0
com.labpixies.flood,85,M3,mau,0.3297
com.labpixies.flood,85,M3,competitor_count,9.3281
com.labpixies.flood,85,M3,category_rank,20.2498
com.labpixies.flood,85,M3,market_trend,1.5966
com.labpixies.flood,85,M3,rank_volatility_7d,0.5184
com.labpixies.flood,85,M3,media_coverage,-0.1654
com.labpixies.flood,85,M3,store_completeness,1.4335
com.labpixies.flood,86,M3,stickiness,-1.0838
com.labpixies.flood,86,M3,dau,-9.3217
com.labpixies.flood,86,M3,crash_rate,-0.2551
com.labpixies.flood,86,M3,mau,0.3025
com.labpixies.flood,86,M3,competitor_count,9.6685
com.labpixies.flood,86,M3,category_rank,22.2145
com.labpixies.flood,86,M3,market_trend,0.1654
com.labpixies.flood,86,M3,rank_volatility_7d,1.1778
com.labpixies.flood,86,M3,media_coverage,0.7637
com.labpixies.flood,86,M3,store_completeness,1.4335
com.labpixies.flood,87,M3,stickiness,-1.1319
com.labpixies.flood,87,M3,dau,-10.2969
com.labpixies.flood,87,M3,crash_rate,2.7405
com.labpixies.flood,87,M3,mau,0.2449
com.labpixies.flood,87,M3,competitor_count,9.9966
com.labpixies.flood,87,M3,category_rank,22.2145
com.labpixies.flood,87,M3,market_trend,0.0696
com.labpixies.flood,87,M3,rank_volatility_7d,1.7576
com.labpixies.flood,87,M3,media_coverage,0.0264
com.labpixies.flood,87,M3,store_completeness,1.4335
com.labpixies.flood,88,M3,stickiness,-0.5586
com.labpixies.flood,88,M3,dau,-2.135
com.labpixies.flood,88,M3,crash_rate,19.6234
com.labpixies.flood,88,M3,mau,0.2483
com.labpixies.flood,88,M3,competitor_count,10.2929
com.labpixies.flood,88,M3,category_rank,22.2145
com.labpixies.flood,88,M3,market_trend,0.1654
com.labpixies.flood,88,M3,rank_volatility_7d,1.4603
com.labpixies.flood,88,M3,media_coverage,1.9313
com.labpixies.flood,88,M3,store_completeness,1.4335
com.labpixies.flood,89,M3,stickiness,-0.2912
com.labpixies.flood,89,M3,dau,-0.0809
com.labpixies.flood,89,M3,crash_rate,-0.197
com.labpixies.flood,89,M3,mau,0.2705
com.labpixies.flood,89,M3,competitor_count,10.5745
com.labpixies.flood,89,M3,category_rank,22.2145
com.labpixies.flood,89,M3,market_trend,2.8629
com.labpixies.flood,89,M3,rank_volatility_7d,0.4483
com.labpixies.flood,89,M3,media_coverage,0.6444
com.labpixies.flood,89,M3,store_completeness,1.4335
com.labpixies.flood,90,M3,stickiness,-0.6162
com.labpixies.flood,90,M3,dau,-2.7275
com.labpixies.flood,90,M3,crash_rate,-0.2521
com.labpixies.flood,90,M3,mau,0.2658
com.labpixies.flood,90,M3,competitor_count,10.9368
com.labpixies.flood,90,M3,category_rank,24.2702
com.labpixies.flood,90,M3,market_trend,0.0146
com.labpixies.flood,90,M3,rank_volatility_7d,0.4483
com.labpixies.flood,90,M3,media_coverage,0.2161
com.labpixies.flood,90,M3,store_completeness,1.4335
com.labpixies.flood,91,M3,stickiness,-0.7635
com.labpixies.flood,91,M3,dau,-4.7117
com.labpixies.flood,91,M3,crash_rate,19.4461
com.labpixies.flood,91,M3,mau,0.2336
com.labpixies.flood,91,M3,competitor_count,11.3051
com.labpixies.flood,91,M3,category_rank,24.2702
com.labpixies.flood,91,M3,market_trend,-0.3517
com.labpixies.flood,91,M3,rank_volatility_7d,0.0185
com.labpixies.flood,91,M3,media_coverage,0.7951
com.labpixies.flood,91,M3,store_completeness,1.4335
com.labpixies.flood,92,M3,stickiness,-0.1387
com.labpixies.flood,92,M3,dau,0.4002
com.labpixies.flood,92,M3,crash_rate,-0.0221
com.labpixies.flood,92,M3,mau,0.2634
com.labpixies.flood,92,M3,competitor_count,11.6597
com.labpixies.flood,92,M3,category_rank,24.2702
com.labpixies.flood,92,M3,market_trend,1.2561
com.labpixies.flood,92,M3,rank_volatility_7d,-0.033
com.labpixies.flood,92,M3,media_coverage,1.2609
com.labpixies.flood,92,M3,store_completeness,1.4335
com.labpixies.flood,93,M3,stickiness,-0.6557
com.labpixies.flood,93,M3,dau,-3.2662
com.labpixies.flood,93,M3,crash_rate,0.181
com.labpixies.flood,93,M3,mau,0.246
com.labpixies.flood,93,M3,competitor_count,12.141
com.labpixies.flood,93,M3,category_rank,26.4168
com.labpixies.flood,93,M3,market_trend,1.5966
com.labpixies.flood,93,M3,rank_volatility_7d,0.0732
com.labpixies.flood,93,M3,media_coverage,-0.0109
com.labpixies.flood,93,M3,store_completeness,1.4335
com.labpixies.flood,94,M3,stickiness,-0.3086
com.labpixies.flood,94,M3,dau,-0.1508
com.labpixies.flood,94,M3,crash_rate,-0.2699
com.labpixies.flood,94,M3,mau,0.2587
com.labpixies.flood,94,M3,competitor_count,12.7148
com.labpixies.flood,94,M3,category_rank,30.9829
com.labpixies.flood,94,M3,market_trend,0.3019
com.labpixies.flood,94,M3,rank_volatility_7d,2.3895
com.labpixies.flood,94,M3,media_coverage,0.6444
com.labpixies.flood,94,M3,store_completeness,1.4335
com.labpixies.flood,95,M3,stickiness,-0.9765
com.labpixies.flood,95,M3,dau,-7.8041
com.labpixies.flood,95,M3,crash_rate,-0.5613
com.labpixies.flood,95,M3,mau,0.2415
com.labpixies.flood,95,M3,competitor_count,13.0907
com.labpixies.flood,95,M3,category_rank,30.9829
com.labpixies.flood,95,M3,market_trend,1.9779
com.labpixies.flood,95,M3,rank_volatility_7d,3.7675
com.labpixies.flood,95,M3,media_coverage,-0.6948
com.labpixies.flood,95,M3,store_completeness,1.4335
com.labpixies.flood,96,M3,stickiness,-1.198
com.labpixies.flood,96,M3,dau,-11.5547
com.labpixies.flood,96,M3,crash_rate,3.2772
com.labpixies.flood,96,M3,mau,0.1994
com.labpixies.flood,96,M3,competitor_count,13.3868
com.labpixies.flood,96,M3,category_rank,30.9829
com.labpixies.flood,96,M3,market_trend,4.4963
com.labpixies.flood,96,M3,rank_volatility_7d,3.2939
com.labpixies.flood,96,M3,media_coverage,0.1413
com.labpixies.flood,96,M3,store_completeness,1.4335
com.labpixies.flood,97,M3,stickiness,-0.5978
com.labpixies.flood,97,M3,dau,-2.843
com.labpixies.flood,97,M3,crash_rate,-0.0264
com.labpixies.flood,97,M3,mau,0.1727
com.labpixies.flood,97,M3,competitor_count,13.7293
com.labpixies.flood,97,M3,category_rank,33.4024
com.labpixies.flood,97,M3,market_trend,-1.3556
com.labpixies.flood,97,M3,rank_volatility_7d,4.2534
com.labpixies.flood,97,M3,media_coverage,0.0824
com.labpixies.flood,97,M3,store_completeness,1.4335
com.labpixies.flood,98,M3,stickiness,-1.1758
com.labpixies.flood,98,M3,dau,-11.4374
com.labpixies.flood,98,M3,crash_rate,-0.5202
com.labpixies.flood,98,M3,mau,0.1332
com.labpixies.flood,98,M3,competitor_count,14.0543
com.labpixies.flood,98,M3,category_rank,33.4024
com.labpixies.flood,98,M3,market_trend,1.5966
com.labpixies.flood,98,M3,rank_volatility_7d,3.2939
com.labpixies.flood,98,M3,media_coverage,0.5096
com.labpixies.flood,98,M3,store_completeness,1.4335
com.labpixies.flood,99,M3,stickiness,-1.1586
com.labpixies.flood,99,M3,dau,-11.3207
com.labpixies.flood,99,M3,crash_rate,-0.1799
com.labpixies.flood,99,M3,mau,0.0981
com.labpixies.flood,99,M3,competitor_count,14.3611
com.labpixies.flood,99,M3,category_rank,33.4024
com.labpixies.flood,99,M3,market_trend,0.3019
com.labpixies.flood,99,M3,rank_volatility_7d,0.8286
com.labpixies.flood,99,M3,media_coverage,0.733
com.labpixies.flood,99,M3,store_completeness,1.4335
com.labpixies.flood,100,M3,stickiness,-1.269
com.labpixies.flood,100,M3,dau,-13.3867
com.labpixies.flood,100,M3,crash_rate,-0.2696
com.labpixies.flood,100,M3,mau,0.052
com.labpixies.flood,100,M3,competitor_count,14.7827
com.labpixies.flood,100,M3,category_rank,33.4024
com.labpixies.flood,100,M3,market_trend,0.9563
com.labpixies.flood,100,M3,rank_volatility_7d,-0.033
com.labpixies.flood,100,M3,media_coverage,-0.0196
com.labpixies.flood,100,M3,store_completeness,1.4335
com.labpixies.flood,101,M3,stickiness,-1.231
com.labpixies.flood,101,M3,dau,-13.0095
com.labpixies.flood,101,M3,crash_rate,-0.7557
com.labpixies.flood,101,M3,mau,0.0218
com.labpixies.flood,101,M3,competitor_count,15.2105
com.labpixies.flood,101,M3,category_rank,33.4024
com.labpixies.flood,101,M3,market_trend,0.9563
com.labpixies.flood,101,M3,rank_volatility_7d,-0.0766
com.labpixies.flood,101,M3,media_coverage,-0.0373
com.labpixies.flood,101,M3,store_completeness,1.4335
com.labpixies.flood,102,M3,stickiness,-0.5488
com.labpixies.flood,102,M3,dau,-3.2039
com.labpixies.flood,102,M3,crash_rate,1.8741
com.labpixies.flood,102,M3,mau,0.0232
com.labpixies.flood,102,M3,competitor_count,15.5984
com.labpixies.flood,102,M3,category_rank,33.4024
com.labpixies.flood,102,M3,market_trend,0.3019
com.labpixies.flood,102,M3,rank_volatility_7d,-0.2515
com.labpixies.flood,102,M3,media_coverage,-0.1956
com.labpixies.flood,102,M3,store_completeness,1.4335
com.labpixies.flood,103,M3,stickiness,-1.214
com.labpixies.flood,103,M3,dau,-12.885
com.labpixies.flood,103,M3,crash_rate,-1.1761
com.labpixies.flood,103,M3,mau,0.0101
com.labpixies.flood,103,M3,competitor_count,16.061
com.labpixies.flood,103,M3,category_rank,33.4024
com.labpixies.flood,103,M3,market_trend,4.4963
com.labpixies.flood,103,M3,rank_volatility_7d,-1.6222
com.labpixies.flood,103,M3,media_coverage,0.0
com.labpixies.flood,103,M3,store_completeness,1.4335
com.labpixies.flood,104,M3,stickiness,-0.5507
com.labpixies.flood,104,M3,dau,-3.5211
com.labpixies.flood,104,M3,crash_rate,-0.0388
com.labpixies.flood,104,M3,mau,0.0058
com.labpixies.flood,104,M3,competitor_count,16.6962
com.labpixies.flood,104,M3,category_rank,33.4024
com.labpixies.flood,104,M3,market_trend,2.8629
com.labpixies.flood,104,M3,rank_volatility_7d,-1.6222
com.labpixies.flood,104,M3,media_coverage,8.3158
com.labpixies.flood,104,M3,store_completeness,1.4335
com.labpixies.flood,105,M3,stickiness,-0.9712
com.labpixies.flood,105,M3,dau,-9.4277
com.labpixies.flood,105,M3,crash_rate,0.7426
com.labpixies.flood,105,M3,mau,0.0011
com.labpixies.flood,105,M3,competitor_count,17.2229
com.labpixies.flood,105,M3,category_rank,33.4024
com.labpixies.flood,105,M3,market_trend,2.8629
com.labpixies.flood,105,M3,rank_volatility_7d,-1.6222
com.labpixies.flood,105,M3,media_coverage,5.8626
com.labpixies.flood,105,M3,store_completeness,1.4335
com.labpixies.flood,106,M3,stickiness,-0.4416
com.labpixies.flood,106,M3,dau,-2.5037
com.labpixies.flood,106,M3,crash_rate,-0.1839
com.labpixies.flood,106,M3,mau,0.0001
com.labpixies.flood,106,M3,competitor_count,17.8313
com.labpixies.flood,106,M3,category_rank,35.9129
com.labpixies.flood,106,M3,market_trend,3.3666
com.labpixies.flood,106,M3,rank_volatility_7d,-0.2515
com.labpixies.flood,106,M3,media_coverage,1.512
com.labpixies.flood,106,M3,store_completeness,1.4335
com.labpixies.flood,107,M3,stickiness,-1.2406
com.labpixies.flood,107,M3,dau,-13.7693
com.labpixies.flood,107,M3,crash_rate,-0.6094
com.labpixies.flood,107,M3,mau,-0.0026
com.labpixies.flood,107,M3,competitor_count,18.2511
com.labpixies.flood,107,M3,category_rank,35.9129
com.labpixies.flood,107,M3,market_trend,10.6471
com.labpixies.flood,107,M3,rank_volatility_7d,-0.0766
com.labpixies.flood,107,M3,media_coverage,3.1719
com.labpixies.flood,107,M3,store_completeness,1.4335
com.labpixies.flood,108,M3,stickiness,-0.0689
com.labpixies.flood,108,M3,dau,0.0551
com.labpixies.flood,108,M3,crash_rate,5.6064
com.labpixies.flood,108,M3,mau,-0.0006
com.labpixies.flood,108,M3,competitor_count,18.726
com.labpixies.flood,108,M3,category_rank,35.9129
com.labpixies.flood,108,M3,market_trend,1.5966
com.labpixies.flood,108,M3,rank_volatility_7d,-0.033
com.labpixies.flood,108,M3,media_coverage,222.7456
com.labpixies.flood,108,M3,store_completeness,1.4335
com.labpixies.flood,109,M3,stickiness,-0.079
com.labpixies.flood,109,M3,dau,0.0334
com.labpixies.flood,109,M3,crash_rate,0.1313
com.labpixies.flood,109,M3,mau,-0.0
com.labpixies.flood,109,M3,competitor_count,19.2071
com.labpixies.flood,109,M3,category_rank,35.9129
com.labpixies.flood,109,M3,market_trend,0.6974
com.labpixies.flood,109,M3,rank_volatility_7d,-0.033
com.labpixies.flood,109,M3,media_coverage,-0.1956
com.labpixies.flood,109,M3,store_completeness,1.4335
com.labpixies.flood,110,M3,stickiness,-0.1201
com.labpixies.flood,110,M3,dau,-0.0213
com.labpixies.flood,110,M3,crash_rate,0.2349
com.labpixies.flood,110,M3,mau,-0.0004
com.labpixies.flood,110,M3,competitor_count,19.6426
com.labpixies.flood,110,M3,category_rank,35.9129
com.labpixies.flood,110,M3,market_trend,0.6974
com.labpixies.flood,110,M3,rank_volatility_7d,-0.0766
com.labpixies.flood,110,M3,media_coverage,0.0014
com.labpixies.flood,110,M3,store_completeness,1.4335
com.google.flood2,1,M3,stickiness,21.6015
com.google.flood2,1,M3,dau,2.5653
com.google.flood2,1,M3,crash_rate,-0.3918
com.google.flood2,1,M3,mau,-4.3799
com.google.flood2,1,M3,competitor_count,-2.8648
com.google.flood2,1,M3,category_rank,-2.1641
com.google.flood2,1,M3,market_trend,0.1654
com.google.flood2,1,M3,rank_volatility_7d,0.0292
com.google.flood2,1,M3,media_coverage,31.0177
com.google.flood2,1,M3,store_completeness,-47.2782
com.google.flood2,2,M3,stickiness,10.3234
com.google.flood2,2,M3,dau,2.0409
com.google.flood2,2,M3,crash_rate,-0.516
com.google.flood2,2,M3,mau,-3.6835
com.google.flood2,2,M3,competitor_count,-2.6053
com.google.flood2,2,M3,category_rank,-2.1641
com.google.flood2,2,M3,market_trend,-0.0271
com.google.flood2,2,M3,rank_volatility_7d,-0.0089
com.google.flood2,2,M3,media_coverage,4.4148
com.google.flood2,2,M3,store_completeness,-47.2782
com.google.flood2,3,M3,stickiness,5.4328
com.google.flood2,3,M3,dau,1.248
com.google.flood2,3,M3,crash_rate,-0.4896
com.google.flood2,3,M3,mau,-3.1607
com.google.flood2,3,M3,competitor_count,-2.4573
com.google.flood2,3,M3,category_rank,-2.1641
com.google.flood2,3,M3,market_trend,-1.0435
com.google.flood2,3,M3,rank_volatility_7d,-0.0636
com.google.flood2,3,M3,media_coverage,1.2609
com.google.flood2,3,M3,store_completeness,-47.2782
com.google.flood2,4,M3,stickiness,2.4874
com.google.flood2,4,M3,dau,0.2796
com.google.flood2,4,M3,crash_rate,-0.2845
com.google.flood2,4,M3,mau,-2.7347
com.google.flood2,4,M3,competitor_count,-2.3671
com.google.flood2,4,M3,category_rank,-2.1641
com.google.flood2,4,M3,market_trend,-0.7721
com.google.flood2,4,M3,rank_volatility_7d,-0.1296
com.google.flood2,4,M3,media_coverage,0.0392
com.google.flood2,4,M3,store_completeness,-47.2782
com.google.flood2,5,M3,stickiness,1.8661
com.google.flood2,5,M3,dau,0.4002
com.google.flood2,5,M3,crash_rate,-0.5054
com.google.flood2,5,M3,mau,-2.3996
com.google.flood2,5,M3,competitor_count,-2.2348
com.google.flood2,5,M3,category_rank,-2.1641
com.google.flood2,5,M3,market_trend,0.1654
com.google.flood2,5,M3,rank_volatility_7d,-0.1933
com.google.flood2,5,M3,media_coverage,-0.0075
com.google.flood2,5,M3,store_completeness,-47.2782
com.google.flood2,6,M3,stickiness,11.1285
com.google.flood2,6,M3,dau,111.2575
com.google.flood2,6,M3,crash_rate,-0.3168
com.google.flood2,6,M3,mau,-0.6522
com.google.flood2,6,M3,competitor_count,-2.0311
com.google.flood2,6,M3,category_rank,-2.1641
com.google.flood2,6,M3,market_trend,-0.7721
com.google.flood2,6,M3,rank_volatility_7d,-0.2515
com.google.flood2,6,M3,media_coverage,0.0466
com.google.flood2,6,M3,store_completeness,-47.2782
com.google.flood2,7,M3,stickiness,5.6435
com.google.flood2,7,M3,dau,99.8827
com.google.flood2,7,M3,crash_rate,-1.1741
com.google.flood2,7,M3,mau,-0.1624
com.google.flood2,7,M3,competitor_count,-1.8608
com.google.flood2,7,M3,category_rank,-2.1641
com.google.flood2,7,M3,market_trend,-1.7086
com.google.flood2,7,M3,rank_volatility_7d,-1.6222
com.google.flood2,7,M3,media_coverage,0.0264
com.google.flood2,7,M3,store_completeness,-47.2782
com.google.flood2,8,M3,stickiness,-0.6716
com.google.flood2,8,M3,dau,-6.9582
com.google.flood2,8,M3,crash_rate,0.0272
com.google.flood2,8,M3,mau,-0.121
com.google.flood2,8,M3,competitor_count,-1.6754
com.google.flood2,8,M3,category_rank,-1.5821
com.google.flood2,8,M3,market_trend,-1.3556
com.google.flood2,8,M3,rank_volatility_7d,-0.2515
com.google.flood2,8,M3,media_coverage,-0.0109
com.google.flood2,8,M3,store_completeness,-47.2782
com.google.flood2,9,M3,stickiness,-0.6108
com.google.flood2,9,M3,dau,-5.9059
com.google.flood2,9,M3,crash_rate,-0.0474
com.google.flood2,9,M3,mau,-0.0863
com.google.flood2,9,M3,competitor_count,-1.5426
com.google.flood2,9,M3,category_rank,-1.5821
com.google.flood2,9,M3,market_trend,-1.0435
com.google.flood2,9,M3,rank_volatility_7d,-0.0766
com.google.flood2,9,M3,media_coverage,0.1283
com.google.flood2,9,M3,store_completeness,-47.2782
com.google.flood2,10,M3,stickiness,-0.5296
com.google.flood2,10,M3,dau,-4.5626
com.google.flood2,10,M3,crash_rate,-0.0659
com.google.flood2,10,M3,mau,-0.0521
com.google.flood2,10,M3,competitor_count,-1.381
com.google.flood2,10,M3,category_rank,-1.5821
com.google.flood2,10,M3,market_trend,-1.0435
com.google.flood2,10,M3,rank_volatility_7d,-0.033
com.google.flood2,10,M3,media_coverage,-0.0308
com.google.flood2,10,M3,store_completeness,-47.2782
com.google.flood2,11,M3,stickiness,-0.5284
com.google.flood2,11,M3,dau,-4.2717
com.google.flood2,11,M3,crash_rate,-0.2197
com.google.flood2,11,M3,mau,-0.028
com.google.flood2,11,M3,competitor_count,-1.2937
com.google.flood2,11,M3,category_rank,-1.5821
com.google.flood2,11,M3,market_trend,0.4793
com.google.flood2,11,M3,rank_volatility_7d,-0.033
com.google.flood2,11,M3,media_coverage,-0.0608
com.google.flood2,11,M3,store_completeness,-47.2782
com.google.flood2,12,M3,stickiness,-0.6541
com.google.flood2,12,M3,dau,-5.6562
com.google.flood2,12,M3,crash_rate,-0.0022
com.google.flood2,12,M3,mau,-0.0139
com.google.flood2,12,M3,competitor_count,-1.2091
com.google.flood2,12,M3,category_rank,-1.0911
com.google.flood2,12,M3,market_trend,0.0696
com.google.flood2,12,M3,rank_volatility_7d,0.0185
com.google.flood2,12,M3,media_coverage,-0.0524
com.google.flood2,12,M3,store_completeness,-47.2782
com.google.flood2,13,M3,stickiness,2.5971
com.google.flood2,13,M3,dau,107.9963
com.google.flood2,13,M3,crash_rate,-1.3356
com.google.flood2,13,M3,mau,0.0733
com.google.flood2,13,M3,competitor_count,-1.0846
com.google.flood2,13,M3,category_rank,-1.0911
com.google.flood2,13,M3,market_trend,-1.3556
com.google.flood2,13,M3,rank_volatility_7d,0.0185
com.google.flood2,13,M3,media_coverage,-0.0373
com.google.flood2,13,M3,store_completeness,-47.2782
com.google.flood2,14,M3,stickiness,1.5125
com.google.flood2,14,M3,dau,95.0991
com.google.flood2,14,M3,crash_rate,-1.2951
com.google.flood2,14,M3,mau,0.3218
com.google.flood2,14,M3,competitor_count,-0.9499
com.google.flood2,14,M3,category_rank,-1.0911
com.google.flood2,14,M3,market_trend,-2.1023
com.google.flood2,14,M3,rank_volatility_7d,-0.033
com.google.flood2,14,M3,media_coverage,0.0014
com.google.flood2,14,M3,store_completeness,-47.2782
com.google.flood2,15,M3,stickiness,-0.9119
com.google.flood2,15,M3,dau,-6.4213
com.google.flood2,15,M3,crash_rate,-0.0021
com.google.flood2,15,M3,mau,0.3635
com.google.flood2,15,M3,competitor_count,-0.767
com.google.flood2,15,M3,category_rank,-0.6911
com.google.flood2,15,M3,market_trend,-1.0435
com.google.flood2,15,M3,rank_volatility_7d,0.0732
com.google.flood2,15,M3,media_coverage,-0.2283
com.google.flood2,15,M3,store_completeness,-47.2782
com.google.flood2,16,M3,stickiness,1.0342
com.google.flood2,16,M3,dau,99.8827
com.google.flood2,16,M3,crash_rate,-1.1419
com.google.flood2,16,M3,mau,0.8488
com.google.flood2,16,M3,competitor_count,-0.6733
com.google.flood2,16,M3,category_rank,-0.6911
com.google.flood2,16,M3,market_trend,-1.0435
com.google.flood2,16,M3,rank_volatility_7d,0.1555
com.google.flood2,16,M3,media_coverage,0.1158
com.google.flood2,16,M3,store_completeness,-47.2782
com.google.flood2,17,M3,stickiness,-0.7337
com.google.flood2,17,M3,dau,-2.7275
com.google.flood2,17,M3,crash_rate,-0.3108
com.google.flood2,17,M3,mau,0.958
com.google.flood2,17,M3,competitor_count,-0.5857
com.google.flood2,17,M3,category_rank,-0.6911
com.google.flood2,17,M3,market_trend,0.0146
com.google.flood2,17,M3,rank_volatility_7d,0.0732
com.google.flood2,17,M3,media_coverage,-0.6367
com.google.flood2,17,M3,store_completeness,-47.2782
com.google.flood2,18,M3,stickiness,0.7396
com.google.flood2,18,M3,dau,109.078
com.google.flood2,18,M3,crash_rate,-1.4307
com.google.flood2,18,M3,mau,1.6828
com.google.flood2,18,M3,competitor_count,-0.5251
com.google.flood2,18,M3,category_rank,-0.6911
com.google.flood2,18,M3,market_trend,-0.5415
com.google.flood2,18,M3,rank_volatility_7d,-0.033
com.google.flood2,18,M3,media_coverage,-0.0608
com.google.flood2,18,M3,store_completeness,-47.2782
com.google.flood2,19,M3,stickiness,0.4661
com.google.flood2,19,M3,dau,104.7837
com.google.flood2,19,M3,crash_rate,-1.2114
com.google.flood2,19,M3,mau,2.5183
com.google.flood2,19,M3,competitor_count,-0.4138
com.google.flood2,19,M3,category_rank,-0.6911
com.google.flood2,19,M3,market_trend,-0.7721
com.google.flood2,19,M3,rank_volatility_7d,-0.0766
com.google.flood2,19,M3,media_coverage,0.0014
com.google.flood2,19,M3,store_completeness,-47.2782
com.google.flood2,20,M3,stickiness,-0.9282
com.google.flood2,20,M3,dau,-3.5864
com.google.flood2,20,M3,crash_rate,-0.1587
com.google.flood2,20,M3,mau,2.6401
com.google.flood2,20,M3,competitor_count,-0.3526
com.google.flood2,20,M3,category_rank,-0.6911
com.google.flood2,20,M3,market_trend,-0.0271
com.google.flood2,20,M3,rank_volatility_7d,-0.2515
com.google.flood2,20,M3,media_coverage,0.2504
com.google.flood2,20,M3,store_completeness,-47.2782
com.google.flood2,21,M3,stickiness,-1.0263
com.google.flood2,21,M3,dau,-5.0169
com.google.flood2,21,M3,crash_rate,-0.7068
com.google.flood2,21,M3,mau,2.7725
com.google.flood2,21,M3,competitor_count,-0.2808
com.google.flood2,21,M3,category_rank,-0.382
com.google.flood2,21,M3,market_trend,-0.7721
com.google.flood2,21,M3,rank_volatility_7d,-0.2515
com.google.flood2,21,M3,media_coverage,-0.2116
com.google.flood2,21,M3,store_completeness,-47.2782
com.google.flood2,22,M3,stickiness,-1.0012
com.google.flood2,22,M3,dau,-4.489
com.google.flood2,22,M3,crash_rate,-0.044
com.google.flood2,22,M3,mau,2.9238
com.google.flood2,22,M3,competitor_count,-0.2253
com.google.flood2,22,M3,category_rank,-0.382
com.google.flood2,22,M3,market_trend,-0.0271
com.google.flood2,22,M3,rank_volatility_7d,-0.0766
com.google.flood2,22,M3,media_coverage,0.2504
com.google.flood2,22,M3,store_completeness,-47.2782
com.google.flood2,23,M3,stickiness,-1.0355
com.google.flood2,23,M3,dau,-4.9397
com.google.flood2,23,M3,crash_rate,-0.3247
com.google.flood2,23,M3,mau,3.0751
com.google.flood2,23,M3,competitor_count,-0.1479
com.google.flood2,23,M3,category_rank,-0.1639
com.google.flood2,23,M3,market_trend,0.3019
com.google.flood2,23,M3,rank_volatility_7d,0.1113
com.google.flood2,23,M3,media_coverage,-0.0524
com.google.flood2,23,M3,store_completeness,-47.2782
com.google.flood2,24,M3,stickiness,-1.0497
com.google.flood2,24,M3,dau,-5.0948
com.google.flood2,24,M3,crash_rate,-0.332
com.google.flood2,24,M3,mau,3.1931
com.google.flood2,24,M3,competitor_count,-0.1104
com.google.flood2,24,M3,category_rank,-0.1639
com.google.flood2,24,M3,market_trend,-2.5369
com.google.flood2,24,M3,rank_volatility_7d,0.3185
com.google.flood2,24,M3,media_coverage,0.0031
com.google.flood2,24,M3,store_completeness,-47.2782
com.google.flood2,25,M3,stickiness,-0.8942
com.google.flood2,25,M3,dau,-2.6144
com.google.flood2,25,M3,crash_rate,-0.5334
com.google.flood2,25,M3,mau,3.347
com.google.flood2,25,M3,competitor_count,-0.08
com.google.flood2,25,M3,category_rank,-0.1639
com.google.flood2,25,M3,market_trend,-0.0945
com.google.flood2,25,M3,rank_volatility_7d,0.3185
com.google.flood2,25,M3,media_coverage,-0.3212
com.google.flood2,25,M3,store_completeness,-47.2782
com.google.flood2,26,M3,stickiness,-0.9732
com.google.flood2,26,M3,dau,-3.6522
com.google.flood2,26,M3,crash_rate,-0.9317
com.google.flood2,26,M3,mau,3.4915
com.google.flood2,26,M3,competitor_count,-0.0558
com.google.flood2,26,M3,category_rank,-0.1639
com.google.flood2,26,M3,market_trend,-0.0271
com.google.flood2,26,M3,rank_volatility_7d,0.1113
com.google.flood2,26,M3,media_coverage,-0.3417
com.google.flood2,26,M3,store_completeness,-47.2782
com.google.flood2,27,M3,stickiness,-1.0985
com.google.flood2,27,M3,dau,-5.6562
com.google.flood2,27,M3,crash_rate,-0.7158
com.google.flood2,27,M3,mau,3.6172
com.google.flood2,27,M3,competitor_count,-0.0328
com.google.flood2,27,M3,category_rank,-0.0367
com.google.flood2,27,M3,market_trend,0.0146
com.google.flood2,27,M3,rank_volatility_7d,0.0185
com.google.flood2,27,M3,media_coverage,0.0725
com.google.flood2,27,M3,store_completeness,-47.2782
com.google.flood2,28,M3,stickiness,-1.0612
com.google.flood2,28,M3,dau,-4.9397
com.google.flood2,28,M3,crash_rate,-0.6705
com.google.flood2,28,M3,mau,3.7096
com.google.flood2,28,M3,competitor_count,-0.0137
com.google.flood2,28,M3,category_rank,-0.0367
com.google.flood2,28,M3,market_trend,-0.0945
com.google.flood2,28,M3,rank_volatility_7d,0.0185
com.google.flood2,28,M3,media_coverage,0.1413
com.google.flood2,28,M3,store_completeness,-47.2782
com.google.flood2,29,M3,stickiness,-1.1293
com.google.flood2,29,M3,dau,-6.0753
com.google.flood2,29,M3,crash_rate,-0.3085
com.google.flood2,29,M3,mau,3.8391
com.google.flood2,29,M3,competitor_count,-0.0068
com.google.flood2,29,M3,category_rank,-0.0367
com.google.flood2,29,M3,market_trend,0.1654
com.google.flood2,29,M3,rank_volatility_7d,-0.033
com.google.flood2,29,M3,media_coverage,-0.2456
com.google.flood2,29,M3,store_completeness,-47.2782
com.google.flood2,30,M3,stickiness,-1.1106
com.google.flood2,30,M3,dau,-5.8221
com.google.flood2,30,M3,crash_rate,0.0396
com.google.flood2,30,M3,mau,3.6963
com.google.flood2,30,M3,competitor_count,0.0004
com.google.flood2,30,M3,category_rank,0.0552
com.google.flood2,30,M3,market_trend,0.0146
com.google.flood2,30,M3,rank_volatility_7d,0.8286
com.google.flood2,30,M3,media_coverage,-0.0373
com.google.flood2,30,M3,store_completeness,-47.2782
com.google.flood2,31,M3,stickiness,-0.957
com.google.flood2,31,M3,dau,-3.3924
com.google.flood2,31,M3,crash_rate,-0.2237
com.google.flood2,31,M3,mau,3.5173
com.google.flood2,31,M3,competitor_count,0.014
com.google.flood2,31,M3,category_rank,0.4375
com.google.flood2,31,M3,market_trend,-3.0122
com.google.flood2,31,M3,rank_volatility_7d,5.902
com.google.flood2,31,M3,media_coverage,-0.9178
com.google.flood2,31,M3,store_completeness,-47.2782
com.google.flood2,32,M3,stickiness,-1.1006
com.google.flood2,32,M3,dau,-5.9059
com.google.flood2,32,M3,crash_rate,-0.4767
com.google.flood2,32,M3,mau,3.305
com.google.flood2,32,M3,competitor_count,0.0272
com.google.flood2,32,M3,category_rank,0.4375
com.google.flood2,32,M3,market_trend,-0.0005
com.google.flood2,32,M3,rank_volatility_7d,8.5964
com.google.flood2,32,M3,media_coverage,-0.9178
com.google.flood2,32,M3,store_completeness,-47.2782
com.google.flood2,33,M3,stickiness,-0.9341
com.google.flood2,33,M3,dau,-3.329
com.google.flood2,33,M3,crash_rate,-0.3583
com.google.flood2,33,M3,mau,3.1075
com.google.flood2,33,M3,competitor_count,0.0592
com.google.flood2,33,M3,category_rank,0.4375
com.google.flood2,33,M3,market_trend,2.8629
com.google.flood2,33,M3,rank_volatility_7d,7.908
com.google.flood2,33,M3,media_coverage,-0.4069
com.google.flood2,33,M3,store_completeness,-47.2782
com.google.flood2,34,M3,stickiness,-1.1169
com.google.flood2,34,M3,dau,-6.5093
com.google.flood2,34,M3,crash_rate,-0.5794
com.google.flood2,34,M3,mau,2.8885
com.google.flood2,34,M3,competitor_count,0.0962
com.google.flood2,34,M3,category_rank,0.4375
com.google.flood2,34,M3,market_trend,-1.3556
com.google.flood2,34,M3,rank_volatility_7d,6.8262
com.google.flood2,34,M3,media_coverage,-0.2636
com.google.flood2,34,M3,store_completeness,-47.2782
com.google.flood2,35,M3,stickiness,-1.0616
com.google.flood2,35,M3,dau,-5.6562
com.google.flood2,35,M3,crash_rate,0.0051
com.google.flood2,35,M3,mau,2.723
com.google.flood2,35,M3,competitor_count,0.1444
com.google.flood2,35,M3,category_rank,0.4375
com.google.flood2,35,M3,market_trend,0.4793
com.google.flood2,35,M3,rank_volatility_7d,3.7675
com.google.flood2,35,M3,media_coverage,-0.0109
com.google.flood2,35,M3,store_completeness,-47.2782
com.google.flood2,36,M3,stickiness,-1.1014
com.google.flood2,36,M3,dau,-7.0498
com.google.flood2,36,M3,crash_rate,-0.4553
com.google.flood2,36,M3,mau,1.9491
com.google.flood2,36,M3,competitor_count,0.1945
com.google.flood2,36,M3,category_rank,0.4375
com.google.flood2,36,M3,market_trend,-0.0945
com.google.flood2,36,M3,rank_volatility_7d,0.0732
com.google.flood2,36,M3,media_coverage,-0.2636
com.google.flood2,36,M3,store_completeness,-47.2782
com.google.flood2,37,M3,stickiness,-0.9818
com.google.flood2,37,M3,dau,-5.8221
com.google.flood2,37,M3,crash_rate,-0.2033
com.google.flood2,37,M3,mau,1.26
com.google.flood2,37,M3,competitor_count,0.2405
com.google.flood2,37,M3,category_rank,0.4375
com.google.flood2,37,M3,market_trend,1.2561
com.google.flood2,37,M3,rank_volatility_7d,-1.6222
com.google.flood2,37,M3,media_coverage,-0.09
com.google.flood2,37,M3,store_completeness,-47.2782
com.google.flood2,38,M3,stickiness,-0.9021
com.google.flood2,38,M3,dau,-4.5626
com.google.flood2,38,M3,crash_rate,-0.1968
com.google.flood2,38,M3,mau,1.2807
com.google.flood2,38,M3,competitor_count,0.3041
com.google.flood2,38,M3,category_rank,0.4375
com.google.flood2,38,M3,market_trend,0.4793
com.google.flood2,38,M3,rank_volatility_7d,-1.6222
com.google.flood2,38,M3,media_coverage,-0.0373
com.google.flood2,38,M3,store_completeness,-47.2782
com.google.flood2,39,M3,stickiness,-0.6026
com.google.flood2,39,M3,dau,-0.9204
com.google.flood2,39,M3,crash_rate,-0.4452
com.google.flood2,39,M3,mau,1.3519
com.google.flood2,39,M3,competitor_count,0.361
com.google.flood2,39,M3,category_rank,0.4375
com.google.flood2,39,M3,market_trend,5.7893
com.google.flood2,39,M3,rank_volatility_7d,-1.6222
com.google.flood2,39,M3,media_coverage,-0.0075
com.google.flood2,39,M3,store_completeness,-47.2782
com.google.flood2,40,M3,stickiness,-0.8691
com.google.flood2,40,M3,dau,-3.9904
com.google.flood2,40,M3,crash_rate,-0.1754
com.google.flood2,40,M3,mau,1.3519
com.google.flood2,40,M3,competitor_count,0.4116
com.google.flood2,40,M3,category_rank,0.4375
com.google.flood2,40,M3,market_trend,3.9111
com.google.flood2,40,M3,rank_volatility_7d,-1.6222
com.google.flood2,40,M3,media_coverage,-1.0229
com.google.flood2,40,M3,store_completeness,-47.2782
com.google.flood2,41,M3,stickiness,-0.9228
com.google.flood2,41,M3,dau,-4.7871
com.google.flood2,41,M3,crash_rate,-0.2173
com.google.flood2,41,M3,mau,1.3466
com.google.flood2,41,M3,competitor_count,0.4896
com.google.flood2,41,M3,category_rank,0.4375
com.google.flood2,41,M3,market_trend,-0.7721
com.google.flood2,41,M3,rank_volatility_7d,-1.6222
com.google.flood2,41,M3,media_coverage,-0.0011
com.google.flood2,41,M3,store_completeness,-47.2782
com.google.flood2,42,M3,stickiness,-0.8897
com.google.flood2,42,M3,dau,-4.2717
com.google.flood2,42,M3,crash_rate,-0.4935
com.google.flood2,42,M3,mau,1.3653
com.google.flood2,42,M3,competitor_count,0.5439
com.google.flood2,42,M3,category_rank,0.4375
com.google.flood2,42,M3,market_trend,0.0696
com.google.flood2,42,M3,rank_volatility_7d,-1.6222
com.google.flood2,42,M3,media_coverage,-0.1377
com.google.flood2,42,M3,store_completeness,-47.2782
com.google.flood2,43,M3,stickiness,-0.8779
com.google.flood2,43,M3,dau,-4.9397
com.google.flood2,43,M3,crash_rate,-0.4241
com.google.flood2,43,M3,mau,0.7988
com.google.flood2,43,M3,competitor_count,0.633
com.google.flood2,43,M3,category_rank,0.4375
com.google.flood2,43,M3,market_trend,-0.0271
com.google.flood2,43,M3,rank_volatility_7d,-1.6222
com.google.flood2,43,M3,media_coverage,10.4938
com.google.flood2,43,M3,store_completeness,-47.2782
com.google.flood2,44,M3,stickiness,-0.8727
com.google.flood2,44,M3,dau,-5.9903
com.google.flood2,44,M3,crash_rate,-0.3441
com.google.flood2,44,M3,mau,0.3127
com.google.flood2,44,M3,competitor_count,0.7289
com.google.flood2,44,M3,category_rank,0.4375
com.google.flood2,44,M3,market_trend,-0.0945
com.google.flood2,44,M3,rank_volatility_7d,-1.6222
com.google.flood2,44,M3,media_coverage,-0.3013
com.google.flood2,44,M3,store_completeness,-47.2782
com.google.flood2,45,M3,stickiness,-0.7364
com.google.flood2,45,M3,dau,-4.0598
com.google.flood2,45,M3,crash_rate,-0.4124
com.google.flood2,45,M3,mau,0.3192
com.google.flood2,45,M3,competitor_count,0.821
com.google.flood2,45,M3,category_rank,0.7651
com.google.flood2,45,M3,market_trend,1.9779
com.google.flood2,45,M3,rank_volatility_7d,-0.2515
com.google.flood2,45,M3,media_coverage,-0.4778
com.google.flood2,45,M3,store_completeness,-47.2782
com.google.flood2,46,M3,stickiness,-0.4432
com.google.flood2,46,M3,dau,-1.9375
com.google.flood2,46,M3,crash_rate,-0.5636
com.google.flood2,46,M3,mau,0.0311
com.google.flood2,46,M3,competitor_count,0.8799
com.google.flood2,46,M3,category_rank,0.7651
com.google.flood2,46,M3,market_trend,4.4963
com.google.flood2,46,M3,rank_volatility_7d,-0.0766
com.google.flood2,46,M3,media_coverage,-0.3212
com.google.flood2,46,M3,store_completeness,-47.2782
com.google.flood2,47,M3,stickiness,-0.3947
com.google.flood2,47,M3,dau,-1.4026
com.google.flood2,47,M3,crash_rate,-0.0164
com.google.flood2,47,M3,mau,0.0375
com.google.flood2,47,M3,competitor_count,0.9751
com.google.flood2,47,M3,category_rank,0.7651
com.google.flood2,47,M3,market_trend,5.7893
com.google.flood2,47,M3,rank_volatility_7d,-0.033
com.google.flood2,47,M3,media_coverage,-0.1956
com.google.flood2,47,M3,store_completeness,-47.2782
com.google.flood2,48,M3,stickiness,-0.4564
com.google.flood2,48,M3,dau,-3.8533
com.google.flood2,48,M3,crash_rate,-0.5352
com.google.flood2,48,M3,mau,-0.0733
com.google.flood2,48,M3,competitor_count,1.0631
com.google.flood2,48,M3,category_rank,0.7651
com.google.flood2,48,M3,market_trend,-0.0005
com.google.flood2,48,M3,rank_volatility_7d,-0.033
com.google.flood2,48,M3,media_coverage,-0.0608
com.google.flood2,48,M3,store_completeness,-47.2782
com.google.flood2,49,M3,stickiness,-0.2828
com.google.flood2,49,M3,dau,-5.9903
com.google.flood2,49,M3,crash_rate,0.0005
com.google.flood2,49,M3,mau,-1.0812
com.google.flood2,49,M3,competitor_count,1.1737
com.google.flood2,49,M3,category_rank,1.1836
com.google.flood2,49,M3,market_trend,-0.0945
com.google.flood2,49,M3,rank_volatility_7d,0.0185
com.google.flood2,49,M3,media_coverage,-0.0011
com.google.flood2,49,M3,store_completeness,-47.2782
com.google.flood2,50,M3,stickiness,-0.1843
com.google.flood2,50,M3,dau,-4.5626
com.google.flood2,50,M3,crash_rate,-0.1327
com.google.flood2,50,M3,mau,-1.0598
com.google.flood2,50,M3,competitor_count,1.3231
com.google.flood2,50,M3,category_rank,1.1836
com.google.flood2,50,M3,market_trend,0.3019
com.google.flood2,50,M3,rank_volatility_7d,0.0185
com.google.flood2,50,M3,media_coverage,0.0325
com.google.flood2,50,M3,store_completeness,-47.2782
com.google.flood2,51,M3,stickiness,-0.0277
com.google.flood2,51,M3,dau,-1.7957
com.google.flood2,51,M3,crash_rate,-0.3988
com.google.flood2,51,M3,mau,-1.0246
com.google.flood2,51,M3,competitor_count,1.4672
com.google.flood2,51,M3,category_rank,1.1836
com.google.flood2,51,M3,market_trend,0.3019
com.google.flood2,51,M3,rank_volatility_7d,-0.033
com.google.flood2,51,M3,media_coverage,-0.1654
com.google.flood2,51,M3,store_completeness,-47.2782
com.google.flood2,52,M3,stickiness,-0.0066
com.google.flood2,52,M3,dau,-1.1303
com.google.flood2,52,M3,crash_rate,-0.2877
com.google.flood2,52,M3,mau,-0.9992
com.google.flood2,52,M3,competitor_count,1.5457
com.google.flood2,52,M3,category_rank,1.1836
com.google.flood2,52,M3,market_trend,0.0696
com.google.flood2,52,M3,rank_volatility_7d,-0.033
com.google.flood2,52,M3,media_coverage,-0.0075
com.google.flood2,52,M3,store_completeness,-47.2782
com.google.flood2,53,M3,stickiness,-0.001
com.google.flood2,53,M3,dau,-0.6183
com.google.flood2,53,M3,crash_rate,-0.2955
com.google.flood2,53,M3,mau,-0.8876
com.google.flood2,53,M3,competitor_count,1.6635
com.google.flood2,53,M3,category_rank,1.1836
com.google.flood2,53,M3,market_trend,0.3019
com.google.flood2,53,M3,rank_volatility_7d,-0.0766
com.google.flood2,53,M3,media_coverage,-0.1802
com.google.flood2,53,M3,store_completeness,-47.2782
com.google.flood2,54,M3,stickiness,-0.0478
com.google.flood2,54,M3,dau,-1.7957
com.google.flood2,54,M3,crash_rate,-0.1208
com.google.flood2,54,M3,mau,-0.8725
com.google.flood2,54,M3,competitor_count,1.7934
com.google.flood2,54,M3,category_rank,1.1836
com.google.flood2,54,M3,market_trend,2.8629
com.google.flood2,54,M3,rank_volatility_7d,-0.2515
com.google.flood2,54,M3,media_coverage,-0.0149
com.google.flood2,54,M3,store_completeness,-47.2782
com.google.flood2,55,M3,stickiness,-0.0241
com.google.flood2,55,M3,dau,-1.2823
com.google.flood2,55,M3,crash_rate,-0.3677
com.google.flood2,55,M3,mau,-0.8596
com.google.flood2,55,M3,competitor_count,1.9121
com.google.flood2,55,M3,category_rank,1.1836
com.google.flood2,55,M3,market_trend,0.4793
com.google.flood2,55,M3,rank_volatility_7d,-1.6222
com.google.flood2,55,M3,media_coverage,0.1999
com.google.flood2,55,M3,store_completeness,-47.2782
com.google.flood2,56,M3,stickiness,-0.0814
com.google.flood2,56,M3,dau,-2.4492
com.google.flood2,56,M3,crash_rate,-0.0162
com.google.flood2,56,M3,mau,-0.8941
com.google.flood2,56,M3,competitor_count,2.0679
com.google.flood2,56,M3,category_rank,1.6931
com.google.flood2,56,M3,market_trend,-0.2027
com.google.flood2,56,M3,rank_volatility_7d,-0.2515
com.google.flood2,56,M3,media_coverage,0.1693
com.google.flood2,56,M3,store_completeness,-47.2782
com.google.flood2,57,M3,stickiness,-0.0566
com.google.flood2,57,M3,dau,-1.8897
com.google.flood2,57,M3,crash_rate,-0.0215
com.google.flood2,57,M3,mau,-0.849
com.google.flood2,57,M3,competitor_count,2.2038
com.google.flood2,57,M3,category_rank,2.2936
com.google.flood2,57,M3,market_trend,0.4793
com.google.flood2,57,M3,rank_volatility_7d,0.1113
com.google.flood2,57,M3,media_coverage,-0.4299
com.google.flood2,57,M3,store_completeness,-47.2782
com.google.flood2,58,M3,stickiness,-0.1931
com.google.flood2,58,M3,dau,-3.8533
com.google.flood2,58,M3,crash_rate,-0.0064
com.google.flood2,58,M3,mau,-0.8113
com.google.flood2,58,M3,competitor_count,2.443
com.google.flood2,58,M3,category_rank,2.2936
com.google.flood2,58,M3,market_trend,-0.5415
com.google.flood2,58,M3,rank_volatility_7d,0.4483
com.google.flood2,58,M3,media_coverage,-0.6654
com.google.flood2,58,M3,store_completeness,-47.2782
com.google.flood2,59,M3,stickiness,-0.2681
com.google.flood2,59,M3,dau,-4.8631
com.google.flood2,59,M3,crash_rate,-0.0143
com.google.flood2,59,M3,mau,-0.8092
com.google.flood2,59,M3,competitor_count,2.5906
com.google.flood2,59,M3,category_rank,3.7673
com.google.flood2,59,M3,market_trend,0.3019
com.google.flood2,59,M3,rank_volatility_7d,3.1775
com.google.flood2,59,M3,media_coverage,-0.101
com.google.flood2,59,M3,store_completeness,-47.2782
com.google.flood2,60,M3,stickiness,-0.139
com.google.flood2,60,M3,dau,-2.9609
com.google.flood2,60,M3,crash_rate,-0.0427
com.google.flood2,60,M3,mau,-0.7745
com.google.flood2,60,M3,competitor_count,2.8395
com.google.flood2,60,M3,category_rank,4.6406
com.google.flood2,60,M3,market_trend,2.4
com.google.flood2,60,M3,rank_volatility_7d,6.96
com.google.flood2,60,M3,media_coverage,-0.6367
com.google.flood2,60,M3,store_completeness,-47.2782
com.google.flood2,61,M3,stickiness,-0.1144
com.google.flood2,61,M3,dau,-2.5587
com.google.flood2,61,M3,crash_rate,-0.0645
com.google.flood2,61,M3,mau,-0.7624
com.google.flood2,61,M3,competitor_count,2.9683
com.google.flood2,61,M3,category_rank,4.6406
com.google.flood2,61,M3,market_trend,1.9779
com.google.flood2,61,M3,rank_volatility_7d,7.6352
com.google.flood2,61,M3,media_coverage,-0.5812
com.google.flood2,61,M3,store_completeness,-47.2782
com.google.flood2,62,M3,stickiness,-0.0625
com.google.flood2,62,M3,dau,-1.7042
com.google.flood2,62,M3,crash_rate,-0.0806
com.google.flood2,62,M3,mau,-0.7484
com.google.flood2,62,M3,competitor_count,3.3186
com.google.flood2,62,M3,category_rank,5.6048
com.google.flood2,62,M3,market_trend,0.3019
com.google.flood2,62,M3,rank_volatility_7d,6.8262
com.google.flood2,62,M3,media_coverage,-0.4299
com.google.flood2,62,M3,store_completeness,-47.2782
com.google.flood2,63,M3,stickiness,-0.2018
com.google.flood2,63,M3,dau,-3.8533
com.google.flood2,63,M3,crash_rate,0.0188
com.google.flood2,63,M3,mau,-0.7765
com.google.flood2,63,M3,competitor_count,3.5557
com.google.flood2,63,M3,category_rank,6.66
com.google.flood2,63,M3,market_trend,0.0696
com.google.flood2,63,M3,rank_volatility_7d,6.8262
com.google.flood2,63,M3,media_coverage,-0.0002
com.google.flood2,63,M3,store_completeness,-47.2782
com.google.flood2,64,M3,stickiness,-0.2235
com.google.flood2,64,M3,dau,-4.2005
com.google.flood2,64,M3,crash_rate,-0.0581
com.google.flood2,64,M3,mau,-0.7907
com.google.flood2,64,M3,competitor_count,3.8579
com.google.flood2,64,M3,category_rank,7.8062
com.google.flood2,64,M3,market_trend,0.4793
com.google.flood2,64,M3,rank_volatility_7d,7.6352
com.google.flood2,64,M3,media_coverage,1.0327
com.google.flood2,64,M3,store_completeness,-47.2782
com.google.flood2,65,M3,stickiness,-0.1341
com.google.flood2,65,M3,dau,-2.9017
com.google.flood2,65,M3,crash_rate,-0.0044
com.google.flood2,65,M3,mau,-0.7785
com.google.flood2,65,M3,competitor_count,4.1842
com.google.flood2,65,M3,category_rank,9.0433
com.google.flood2,65,M3,market_trend,0.9563
com.google.flood2,65,M3,rank_volatility_7d,5.7718
com.google.flood2,65,M3,media_coverage,-0.3845
com.google.flood2,65,M3,store_completeness,-47.2782
com.google.flood2,66,M3,stickiness,-0.2098
com.google.flood2,66,M3,dau,-3.9216
com.google.flood2,66,M3,crash_rate,0.0024
com.google.flood2,66,M3,mau,-0.7644
com.google.flood2,66,M3,competitor_count,4.4377
com.google.flood2,66,M3,category_rank,9.0433
com.google.flood2,66,M3,market_trend,1.9779
com.google.flood2,66,M3,rank_volatility_7d,5.129
com.google.flood2,66,M3,media_coverage,-0.3212
com.google.flood2,66,M3,store_completeness,-47.2782
com.google.flood2,67,M3,stickiness,-0.025
com.google.flood2,67,M3,dau,-0.9204
com.google.flood2,67,M3,crash_rate,-0.0021
com.google.flood2,67,M3,mau,-0.7033
com.google.flood2,67,M3,competitor_count,4.6233
com.google.flood2,67,M3,category_rank,9.0433
com.google.flood2,67,M3,market_trend,5.7893
com.google.flood2,67,M3,rank_volatility_7d,4.1308
com.google.flood2,67,M3,media_coverage,-0.2456
com.google.flood2,67,M3,store_completeness,-47.2782
com.google.flood2,68,M3,stickiness,-0.0546
com.google.flood2,68,M3,dau,-1.3619
com.google.flood2,68,M3,crash_rate,-0.0844
com.google.flood2,68,M3,mau,-0.6728
com.google.flood2,68,M3,competitor_count,4.7999
com.google.flood2,68,M3,category_rank,9.0433
com.google.flood2,68,M3,market_trend,7.2454
com.google.flood2,68,M3,rank_volatility_7d,1.4603
com.google.flood2,68,M3,media_coverage,-0.1248
com.google.flood2,68,M3,store_completeness,-47.2782
com.google.flood2,69,M3,stickiness,-0.1975
com.google.flood2,69,M3,dau,-3.5864
com.google.flood2,69,M3,crash_rate,0.0008
com.google.flood2,69,M3,mau,-0.7169
com.google.flood2,69,M3,competitor_count,5.058
com.google.flood2,69,M3,category_rank,9.0433
com.google.flood2,69,M3,market_trend,0.0146
com.google.flood2,69,M3,rank_volatility_7d,0.1113
com.google.flood2,69,M3,media_coverage,-0.1802
com.google.flood2,69,M3,store_completeness,-47.2782
com.google.flood2,70,M3,stickiness,-0.141
com.google.flood2,70,M3,dau,-2.785
com.google.flood2,70,M3,crash_rate,-0.1144
com.google.flood2,70,M3,mau,-0.713
com.google.flood2,70,M3,competitor_count,5.2694
com.google.flood2,70,M3,category_rank,9.0433
com.google.flood2,70,M3,market_trend,0.0696
com.google.flood2,70,M3,rank_volatility_7d,-0.2515
com.google.flood2,70,M3,media_coverage,0.0161
com.google.flood2,70,M3,store_completeness,-47.2782
com.google.flood2,71,M3,stickiness,-0.1152
com.google.flood2,71,M3,dau,-2.4492
com.google.flood2,71,M3,crash_rate,0.0169
com.google.flood2,71,M3,mau,-0.7247
com.google.flood2,71,M3,competitor_count,5.5397
com.google.flood2,71,M3,category_rank,9.0433
com.google.flood2,71,M3,market_trend,0.1654
com.google.flood2,71,M3,rank_volatility_7d,-1.6222
com.google.flood2,71,M3,media_coverage,-0.0524
com.google.flood2,71,M3,store_completeness,-47.2782
com.google.flood2,72,M3,stickiness,-0.1823
com.google.flood2,72,M3,dau,-3.5211
com.google.flood2,72,M3,crash_rate,-0.01
com.google.flood2,72,M3,mau,-0.7584
com.google.flood2,72,M3,competitor_count,5.8589
com.google.flood2,72,M3,category_rank,9.0433
com.google.flood2,72,M3,market_trend,-0.2027
com.google.flood2,72,M3,rank_volatility_7d,-1.6222
com.google.flood2,72,M3,media_coverage,-0.1377
com.google.flood2,72,M3,store_completeness,-47.2782
com.google.flood2,73,M3,stickiness,-0.0057
com.google.flood2,73,M3,dau,-0.4897
com.google.flood2,73,M3,crash_rate,-0.2802
com.google.flood2,73,M3,mau,-0.7091
com.google.flood2,73,M3,competitor_count,6.0719
com.google.flood2,73,M3,category_rank,9.0433
com.google.flood2,73,M3,market_trend,0.6974
com.google.flood2,73,M3,rank_volatility_7d,-1.6222
com.google.flood2,73,M3,media_coverage,-0.0026
com.google.flood2,73,M3,store_completeness,-47.2782
com.google.flood2,74,M3,stickiness,-0.066
com.google.flood2,74,M3,dau,-1.5713
com.google.flood2,74,M3,crash_rate,-0.1942
com.google.flood2,74,M3,mau,-0.6823
com.google.flood2,74,M3,competitor_count,6.2159
com.google.flood2,74,M3,category_rank,9.0433
com.google.flood2,74,M3,market_trend,0.6974
com.google.flood2,74,M3,rank_volatility_7d,-1.6222
com.google.flood2,74,M3,media_coverage,-0.6087
com.google.flood2,74,M3,store_completeness,-47.2782
com.google.flood2,75,M3,stickiness,-0.0695
com.google.flood2,75,M3,dau,-1.615
com.google.flood2,75,M3,crash_rate,-0.2356
com.google.flood2,75,M3,mau,-0.6785
com.google.flood2,75,M3,competitor_count,6.4648
com.google.flood2,75,M3,category_rank,9.0433
com.google.flood2,75,M3,market_trend,1.9779
com.google.flood2,75,M3,rank_volatility_7d,-1.6222
com.google.flood2,75,M3,media_coverage,0.0264
com.google.flood2,75,M3,store_completeness,-47.2782
com.google.flood2,76,M3,stickiness,-0.0158
com.google.flood2,76,M3,dau,-0.6739
com.google.flood2,76,M3,crash_rate,-0.8482
com.google.flood2,76,M3,mau,-0.6766
com.google.flood2,76,M3,competitor_count,6.7638
com.google.flood2,76,M3,category_rank,10.3714
com.google.flood2,76,M3,market_trend,0.0146
com.google.flood2,76,M3,rank_volatility_7d,-0.2515
com.google.flood2,76,M3,media_coverage,0.0209
com.google.flood2,76,M3,store_completeness,-47.2782
com.google.flood2,77,M3,stickiness,-0.0238
com.google.flood2,77,M3,dau,-0.8875
com.google.flood2,77,M3,crash_rate,-0.4789
com.google.flood2,77,M3,mau,-0.6995
com.google.flood2,77,M3,competitor_count,7.0079
com.google.flood2,77,M3,category_rank,11.7904
com.google.flood2,77,M3,market_trend,0.6974
com.google.flood2,77,M3,rank_volatility_7d,0.1113
com.google.flood2,77,M3,media_coverage,0.0824
com.google.flood2,77,M3,store_completeness,-47.2782
com.google.flood2,78,M3,stickiness,-0.0312
com.google.flood2,78,M3,dau,-1.0227
com.google.flood2,78,M3,crash_rate,-0.4006
com.google.flood2,78,M3,mau,-0.6976
com.google.flood2,78,M3,competitor_count,7.225
com.google.flood2,78,M3,category_rank,13.3004
com.google.flood2,78,M3,market_trend,0.6974
com.google.flood2,78,M3,rank_volatility_7d,1.4603
com.google.flood2,78,M3,media_coverage,0.0031
com.google.flood2,78,M3,store_completeness,-47.2782
com.google.flood2,79,M3,stickiness,-0.0129
com.google.flood2,79,M3,dau,-0.5651
com.google.flood2,79,M3,crash_rate,-0.3654
com.google.flood2,79,M3,mau,-0.6541
com.google.flood2,79,M3,competitor_count,7.6531
com.google.flood2,79,M3,category_rank,14.9013
com.google.flood2,79,M3,market_trend,4.4963
com.google.flood2,79,M3,rank_volatility_7d,4.1308
com.google.flood2,79,M3,media_coverage,0.0209
com.google.flood2,79,M3,store_completeness,-47.2782
com.google.flood2,80,M3,stickiness,-0.1473
com.google.flood2,80,M3,dau,-2.6706
com.google.flood2,80,M3,crash_rate,-0.0664
com.google.flood2,80,M3,mau,-0.6522
com.google.flood2,80,M3,competitor_count,7.9781
com.google.flood2,80,M3,category_rank,16.5931
com.google.flood2,80,M3,market_trend,-0.3517
com.google.flood2,80,M3,rank_volatility_7d,7.3639
com.google.flood2,80,M3,media_coverage,-0.0373
com.google.flood2,80,M3,store_completeness,-47.2782
com.google.flood2,81,M3,stickiness,-0.1894
com.google.flood2,81,M3,dau,-3.329
com.google.flood2,81,M3,crash_rate,-0.0
com.google.flood2,81,M3,mau,-0.6747
com.google.flood2,81,M3,competitor_count,8.2263
com.google.flood2,81,M3,category_rank,16.5931
com.google.flood2,81,M3,market_trend,0.0696
com.google.flood2,81,M3,rank_volatility_7d,7.3639
com.google.flood2,81,M3,media_coverage,0.5886
com.google.flood2,81,M3,store_completeness,-47.2782
com.google.flood2,82,M3,stickiness,0.302
com.google.flood2,82,M3,dau,4.2802
com.google.flood2,82,M3,crash_rate,-0.3803
com.google.flood2,82,M3,mau,-0.372
com.google.flood2,82,M3,competitor_count,8.5122
com.google.flood2,82,M3,category_rank,16.5931
com.google.flood2,82,M3,market_trend,1.5966
com.google.flood2,82,M3,rank_volatility_7d,4.1308
com.google.flood2,82,M3,media_coverage,-0.6948
com.google.flood2,82,M3,store_completeness,-47.2782
com.google.flood2,83,M3,stickiness,-0.2406
com.google.flood2,83,M3,dau,-3.0208
com.google.flood2,83,M3,crash_rate,-0.2692
com.google.flood2,83,M3,mau,-0.4123
com.google.flood2,83,M3,competitor_count,8.8375
com.google.flood2,83,M3,category_rank,18.376
com.google.flood2,83,M3,market_trend,1.9779
com.google.flood2,83,M3,rank_volatility_7d,2.3895
com.google.flood2,83,M3,media_coverage,0.0929
com.google.flood2,83,M3,store_completeness,-47.2782
com.google.flood2,84,M3,stickiness,0.0491
com.google.flood2,84,M3,dau,1.9433
com.google.flood2,84,M3,crash_rate,-0.4726
com.google.flood2,84,M3,mau,-0.1775
com.google.flood2,84,M3,competitor_count,9.0811
com.google.flood2,84,M3,category_rank,18.376
com.google.flood2,84,M3,market_trend,5.1224
com.google.flood2,84,M3,rank_volatility_7d,0.8286
com.google.flood2,84,M3,media_coverage,-0.0026
com.google.flood2,84,M3,store_completeness,-47.2782
com.google.flood2,85,M3,stickiness,0.0188
com.google.flood2,85,M3,dau,1.848
com.google.flood2,85,M3,crash_rate,-0.3743
com.google.flood2,85,M3,mau,-0.0932
com.google.flood2,85,M3,competitor_count,9.3281
com.google.flood2,85,M3,category_rank,20.2498
com.google.flood2,85,M3,market_trend,1.5966
com.google.flood2,85,M3,rank_volatility_7d,0.5184
com.google.flood2,85,M3,media_coverage,-0.1654
com.google.flood2,85,M3,store_completeness,-47.2782
com.google.flood2,86,M3,stickiness,0.1038
com.google.flood2,86,M3,dau,5.9158
com.google.flood2,86,M3,crash_rate,-0.1599
com.google.flood2,86,M3,mau,-0.0393
com.google.flood2,86,M3,competitor_count,9.6685
com.google.flood2,86,M3,category_rank,22.2145
com.google.flood2,86,M3,market_trend,0.1654
com.google.flood2,86,M3,rank_volatility_7d,1.1778
com.google.flood2,86,M3,media_coverage,0.7637
com.google.flood2,86,M3,store_completeness,-47.2782
com.google.flood2,87,M3,stickiness,0.1114
com.google.flood2,87,M3,dau,7.8156
com.google.flood2,87,M3,crash_rate,-0.4693
com.google.flood2,87,M3,mau,-0.0082
com.google.flood2,87,M3,competitor_count,9.9966
com.google.flood2,87,M3,category_rank,22.2145
com.google.flood2,87,M3,market_trend,0.0696
com.google.flood2,87,M3,rank_volatility_7d,1.7576
com.google.flood2,87,M3,media_coverage,0.0264
com.google.flood2,87,M3,store_completeness,-47.2782
com.google.flood2,88,M3,stickiness,-0.0094
com.google.flood2,88,M3,dau,1.1347
com.google.flood2,88,M3,crash_rate,-0.263
com.google.flood2,88,M3,mau,0.0001
com.google.flood2,88,M3,competitor_count,10.2929
com.google.flood2,88,M3,category_rank,22.2145
com.google.flood2,88,M3,market_trend,0.1654
com.google.flood2,88,M3,rank_volatility_7d,1.4603
com.google.flood2,88,M3,media_coverage,1.9313
com.google.flood2,88,M3,store_completeness,-47.2782
com.google.flood2,89,M3,stickiness,-0.0873
com.google.flood2,89,M3,dau,0.0551
com.google.flood2,89,M3,crash_rate,0.0067
com.google.flood2,89,M3,mau,0.0036
com.google.flood2,89,M3,competitor_count,10.5745
com.google.flood2,89,M3,category_rank,22.2145
com.google.flood2,89,M3,market_trend,2.8629
com.google.flood2,89,M3,rank_volatility_7d,0.4483
com.google.flood2,89,M3,media_coverage,0.6444
com.google.flood2,89,M3,store_completeness,-47.2782
com.google.flood2,90,M3,stickiness,-0.0172
com.google.flood2,90,M3,dau,1.8012
com.google.flood2,90,M3,crash_rate,-0.5531
com.google.flood2,90,M3,mau,0.0459
com.google.flood2,90,M3,competitor_count,10.9368
com.google.flood2,90,M3,category_rank,24.2702
com.google.flood2,90,M3,market_trend,0.0146
com.google.flood2,90,M3,rank_volatility_7d,0.4483
com.google.flood2,90,M3,media_coverage,0.2161
com.google.flood2,90,M3,store_completeness,-47.2782
com.google.flood2,91,M3,stickiness,-0.076
com.google.flood2,91,M3,dau,0.5424
com.google.flood2,91,M3,crash_rate,-0.4457
com.google.flood2,91,M3,mau,0.0783
com.google.flood2,91,M3,competitor_count,11.3051
com.google.flood2,91,M3,category_rank,24.2702
com.google.flood2,91,M3,market_trend,-0.3517
com.google.flood2,91,M3,rank_volatility_7d,0.0185
com.google.flood2,91,M3,media_coverage,0.7951
com.google.flood2,91,M3,store_completeness,-47.2782
com.google.flood2,92,M3,stickiness,-0.2466
com.google.flood2,92,M3,dau,-0.0809
com.google.flood2,92,M3,crash_rate,-0.078
com.google.flood2,92,M3,mau,0.1282
com.google.flood2,92,M3,competitor_count,11.6597
com.google.flood2,92,M3,category_rank,24.2702
com.google.flood2,92,M3,market_trend,1.2561
com.google.flood2,92,M3,rank_volatility_7d,-0.033
com.google.flood2,92,M3,media_coverage,1.2609
com.google.flood2,92,M3,store_completeness,-47.2782
com.google.flood2,93,M3,stickiness,-0.0887
com.google.flood2,93,M3,dau,0.7654
com.google.flood2,93,M3,crash_rate,-0.3503
com.google.flood2,93,M3,mau,0.1755
com.google.flood2,93,M3,competitor_count,12.141
com.google.flood2,93,M3,category_rank,26.4168
com.google.flood2,93,M3,market_trend,1.5966
com.google.flood2,93,M3,rank_volatility_7d,0.0732
com.google.flood2,93,M3,media_coverage,-0.0109
com.google.flood2,93,M3,store_completeness,-47.2782
com.google.flood2,94,M3,stickiness,-0.3991
com.google.flood2,94,M3,dau,-0.7923
com.google.flood2,94,M3,crash_rate,-0.0098
com.google.flood2,94,M3,mau,0.1974
com.google.flood2,94,M3,competitor_count,12.7148
com.google.flood2,94,M3,category_rank,30.9829
com.google.flood2,94,M3,market_trend,0.3019
com.google.flood2,94,M3,rank_volatility_7d,2.3895
com.google.flood2,94,M3,media_coverage,0.6444
com.google.flood2,94,M3,store_completeness,-47.2782
com.google.flood2,95,M3,stickiness,-0.1605
com.google.flood2,95,M3,dau,0.4002
com.google.flood2,95,M3,crash_rate,-0.0943
com.google.flood2,95,M3,mau,0.3704
com.google.flood2,95,M3,competitor_count,13.0907
com.google.flood2,95,M3,category_rank,30.9829
com.google.flood2,95,M3,market_trend,1.9779
com.google.flood2,95,M3,rank_volatility_7d,3.7675
com.google.flood2,95,M3,media_coverage,-0.6948
com.google.flood2,95,M3,store_completeness,-47.2782
com.google.flood2,96,M3,stickiness,-0.0636
com.google.flood2,96,M3,dau,2.6774
com.google.flood2,96,M3,crash_rate,-0.1676
com.google.flood2,96,M3,mau,0.478
com.google.flood2,96,M3,competitor_count,13.3868
com.google.flood2,96,M3,category_rank,30.9829
com.google.flood2,96,M3,market_trend,4.4963
com.google.flood2,96,M3,rank_volatility_7d,3.2939
com.google.flood2,96,M3,media_coverage,0.1413
com.google.flood2,96,M3,store_completeness,-47.2782
com.google.flood2,97,M3,stickiness,-0.2235
com.google.flood2,97,M3,dau,0.1524
com.google.flood2,97,M3,crash_rate,-0.503
com.google.flood2,97,M3,mau,0.5186
com.google.flood2,97,M3,competitor_count,13.7293
com.google.flood2,97,M3,category_rank,33.4024
com.google.flood2,97,M3,market_trend,-1.3556
com.google.flood2,97,M3,rank_volatility_7d,4.2534
com.google.flood2,97,M3,media_coverage,0.0824
com.google.flood2,97,M3,store_completeness,-47.2782
com.google.flood2,98,M3,stickiness,-0.0346
com.google.flood2,98,M3,dau,4.9489
com.google.flood2,98,M3,crash_rate,-0.3961
com.google.flood2,98,M3,mau,0.6263
com.google.flood2,98,M3,competitor_count,14.0543
com.google.flood2,98,M3,category_rank,33.4024
com.google.flood2,98,M3,market_trend,1.5966
com.google.flood2,98,M3,rank_volatility_7d,3.2939
com.google.flood2,98,M3,media_coverage,0.5096
com.google.flood2,98,M3,store_completeness,-47.2782
com.google.flood2,99,M3,stickiness,-0.0211
com.google.flood2,99,M3,dau,7.2458
com.google.flood2,99,M3,crash_rate,-0.7538
com.google.flood2,99,M3,mau,0.807
com.google.flood2,99,M3,competitor_count,14.3611
com.google.flood2,99,M3,category_rank,33.4024
com.google.flood2,99,M3,market_trend,0.3019
com.google.flood2,99,M3,rank_volatility_7d,0.8286
com.google.flood2,99,M3,media_coverage,0.733
com.google.flood2,99,M3,store_completeness,-47.2782
com.google.flood2,100,M3,stickiness,-0.1042
com.google.flood2,100,M3,dau,2.7343
com.google.flood2,100,M3,crash_rate,-0.4098
com.google.flood2,100,M3,mau,0.8723
com.google.flood2,100,M3,competitor_count,14.7827
com.google.flood2,100,M3,category_rank,33.4024
com.google.flood2,100,M3,market_trend,0.9563
com.google.flood2,100,M3,rank_volatility_7d,-0.033
com.google.flood2,100,M3,media_coverage,-0.0196
com.google.flood2,100,M3,store_completeness,-47.2782
com.google.flood2,101,M3,stickiness,-0.0128
com.google.flood2,101,M3,dau,10.3101
com.google.flood2,101,M3,crash_rate,-0.4513
com.google.flood2,101,M3,mau,1.1002
com.google.flood2,101,M3,competitor_count,15.2105
com.google.flood2,101,M3,category_rank,33.4024
com.google.flood2,101,M3,market_trend,0.9563
com.google.flood2,101,M3,rank_volatility_7d,-0.0766
com.google.flood2,101,M3,media_coverage,-0.0373
com.google.flood2,101,M3,store_completeness,-47.2782
com.google.flood2,102,M3,stickiness,-0.1714
com.google.flood2,102,M3,dau,1.848
com.google.flood2,102,M3,crash_rate,-0.2944
com.google.flood2,102,M3,mau,1.2216
com.google.flood2,102,M3,competitor_count,15.5984
com.google.flood2,102,M3,category_rank,33.4024
com.google.flood2,102,M3,market_trend,0.3019
com.google.flood2,102,M3,rank_volatility_7d,-0.2515
com.google.flood2,102,M3,media_coverage,-0.1956
com.google.flood2,102,M3,store_completeness,-47.2782
com.google.flood2,103,M3,stickiness,-0.0074
com.google.flood2,103,M3,dau,14.0427
com.google.flood2,103,M3,crash_rate,-0.3154
com.google.flood2,103,M3,mau,1.4721
com.google.flood2,103,M3,competitor_count,16.061
com.google.flood2,103,M3,category_rank,33.4024
com.google.flood2,103,M3,market_trend,4.4963
com.google.flood2,103,M3,rank_volatility_7d,-1.6222
com.google.flood2,103,M3,media_coverage,0.0
com.google.flood2,103,M3,store_completeness,-47.2782
com.google.flood2,104,M3,stickiness,-0.3573
com.google.flood2,104,M3,dau,0.1146
com.google.flood2,104,M3,crash_rate,-0.4427
com.google.flood2,104,M3,mau,1.5541
com.google.flood2,104,M3,competitor_count,16.6962
com.google.flood2,104,M3,category_rank,33.4024
com.google.flood2,104,M3,market_trend,2.8629
com.google.flood2,104,M3,rank_volatility_7d,-1.6222
com.google.flood2,104,M3,media_coverage,8.3158
com.google.flood2,104,M3,store_completeness,-47.2782
com.google.flood2,105,M3,stickiness,-0.1466
com.google.flood2,105,M3,dau,3.5288
com.google.flood2,105,M3,crash_rate,-0.4562
com.google.flood2,105,M3,mau,1.6739
com.google.flood2,105,M3,competitor_count,17.2229
com.google.flood2,105,M3,category_rank,33.4024
com.google.flood2,105,M3,market_trend,2.8629
com.google.flood2,105,M3,rank_volatility_7d,-1.6222
com.google.flood2,105,M3,media_coverage,5.8626
com.google.flood2,105,M3,store_completeness,-47.2782
com.google.flood2,106,M3,stickiness,-0.2541
com.google.flood2,106,M3,dau,1.2096
com.google.flood2,106,M3,crash_rate,-0.773
com.google.flood2,106,M3,mau,1.7735
com.google.flood2,106,M3,competitor_count,17.8313
com.google.flood2,106,M3,category_rank,35.9129
com.google.flood2,106,M3,market_trend,3.3666
com.google.flood2,106,M3,rank_volatility_7d,-0.2515
com.google.flood2,106,M3,media_coverage,1.512
com.google.flood2,106,M3,store_completeness,-47.2782
com.google.flood2,107,M3,stickiness,0.0016
com.google.flood2,107,M3,dau,27.2297
com.google.flood2,107,M3,crash_rate,-0.6076
com.google.flood2,107,M3,mau,2.17
com.google.flood2,107,M3,competitor_count,18.2511
com.google.flood2,107,M3,category_rank,35.9129
com.google.flood2,107,M3,market_trend,10.6471
com.google.flood2,107,M3,rank_volatility_7d,-0.0766
com.google.flood2,107,M3,media_coverage,3.1719
com.google.flood2,107,M3,store_completeness,-47.2782
com.google.flood2,108,M3,stickiness,-0.5517
com.google.flood2,108,M3,dau,-0.1376
com.google.flood2,108,M3,crash_rate,-0.7963
com.google.flood2,108,M3,mau,2.2798
com.google.flood2,108,M3,competitor_count,18.726
com.google.flood2,108,M3,category_rank,35.9129
com.google.flood2,108,M3,market_trend,1.5966
com.google.flood2,108,M3,rank_volatility_7d,-0.033
com.google.flood2,108,M3,media_coverage,222.7456
com.google.flood2,108,M3,store_completeness,-47.2782
com.google.flood2,109,M3,stickiness,-0.4962
com.google.flood2,109,M3,dau,-0.0035
com.google.flood2,109,M3,crash_rate,-0.2424
com.google.flood2,109,M3,mau,2.3709
com.google.flood2,109,M3,competitor_count,19.2071
com.google.flood2,109,M3,category_rank,35.9129
com.google.flood2,109,M3,market_trend,0.6974
com.google.flood2,109,M3,rank_volatility_7d,-0.033
com.google.flood2,109,M3,media_coverage,-0.1956
com.google.flood2,109,M3,store_completeness,-47.2782
com.google.flood2,110,M3,stickiness,-0.5909
com.google.flood2,110,M3,dau,-0.2595
com.google.flood2,110,M3,crash_rate,-0.4789
com.google.flood2,110,M3,mau,2.4315
com.google.flood2,110,M3,competitor_count,19.6426
com.google.flood2,110,M3,category_rank,35.9129
com.google.flood2,110,M3,market_trend,0.6974
com.google.flood2,110,M3,rank_volatility_7d,-0.0766
com.google.flood2,110,M3,media_coverage,0.0014
com.google.flood2,110,M3,store_completeness,-47.2782
